承储企业,年份,级别,省份,品种名称,作物种类,储备量（万公斤）
合肥丰乐种业股份有限公司,2017,国家级,安徽,丰两优香一号,杂交水稻,50
合肥丰乐种业股份有限公司,2017,国家级,安徽,丰乐21,杂交玉米,50
天禾农业科技集团股份有限公司,2017,国家级,安徽,天两优0501,杂交水稻,35
天禾农业科技集团股份有限公司,2017,国家级,安徽,宁粳2号,常规水稻,80
北京龙耘种业有限公司,2017,国家级,北京,中单28,杂交玉米,5
北京龙耘种业有限公司,2017,国家级,北京,京农科728,杂交玉米,25
北京龙耘种业有限公司,2017,国家级,北京,中黄13,大豆,5
北京龙耘种业有限公司,2017,国家级,北京,铁豆37,大豆,10
北京顺鑫农科种业科技有限公司,2017,国家级,北京,京单68,杂交玉米,20
北京顺鑫农科种业科技有限公司,2017,国家级,北京,京单28,杂交玉米,10
福建六三种业有限责任公司,2017,国家级,福建,T78优2155,杂交水稻,3
福建六三种业有限责任公司,2017,国家级,福建,金优明100,杂交水稻,3
福建六三种业有限责任公司,2017,国家级,福建,金优2155,杂交水稻,1
福建六三种业有限责任公司,2017,国家级,福建,中优2155,杂交水稻,1
福建六三种业有限责任公司,2017,国家级,福建,两优1259,杂交水稻,2
福建六三种业有限责任公司,2017,国家级,福建,明两优527,杂交水稻,2
福建六三种业有限责任公司,2017,国家级,福建,特优1259,杂交水稻,1
福建六三种业有限责任公司,2017,国家级,福建,广优明118,杂交水稻,1
福建六三种业有限责任公司,2017,国家级,福建,广优9939,杂交水稻,1
福建六三种业有限责任公司,2017,国家级,福建,广优3186,杂交水稻,1
福建六三种业有限责任公司,2017,国家级,福建,谷优1259,杂交水稻,2
福建六三种业有限责任公司,2017,国家级,福建,谷优明占,杂交水稻,1
福建六三种业有限责任公司,2017,国家级,福建,II优明118,杂交水稻,1
中种集团福建农嘉种业股份有限公司,2017,国家级,福建,深优957,杂交水稻,6
中种集团福建农嘉种业股份有限公司,2017,国家级,福建,特优009,杂交水稻,3
中种集团福建农嘉种业股份有限公司,2017,国家级,福建,宜优673,杂交水稻,2
中种集团福建农嘉种业股份有限公司,2017,国家级,福建,两优616,杂交水稻,7
中种集团福建农嘉种业股份有限公司,2017,国家级,福建,两优航2号,杂交水稻,3
中种集团福建农嘉种业股份有限公司,2017,国家级,福建,特优175,杂交水稻,1
中种集团福建农嘉种业股份有限公司,2017,国家级,福建,川优673,杂交水稻,1
中种集团福建农嘉种业股份有限公司,2017,国家级,福建,泰丰优656,杂交水稻,2
白银金穗种业有限公司,2017,国家级,甘肃,金穗3号,杂交玉米,45
白银金穗种业有限公司,2017,国家级,甘肃,金穗1203,杂交玉米,10
甘肃定西百泉马铃薯有限公司,2017,国家级,甘肃,新大坪,马铃薯,30
甘肃定西百泉马铃薯有限公司,2017,国家级,甘肃,陇薯3号,马铃薯,20
甘肃种业有限公司,2017,国家级,甘肃,甘玉801,杂交玉米,20
甘肃种业有限公司,2017,国家级,甘肃,豫玉22号,杂交玉米,35
会宁丰农种业有限责任公司,2017,国家级,甘肃,定甜荞1号,杂粮杂豆,10
会宁丰农种业有限责任公司,2017,国家级,甘肃,定豌4号,杂粮杂豆,10
广东省金稻种业有限公司,2017,国家级,广东,五优308,杂交水稻,20
广东省金稻种业有限公司,2017,国家级,广东,五丰优615,杂交水稻,5
广东省金稻种业有限公司,2017,国家级,广东,天优3618,杂交水稻,5
广东粤良种业有限公司,2017,国家级,广东,恒丰优华占,杂交水稻,20
广东粤良种业有限公司,2017,国家级,广东,粤晶丝苗2号,常规水稻,10
广东粤良种业有限公司,2017,国家级,广东,黄莉占,常规水稻,15
广西恒茂农业科技有限公司,2017,国家级,广西,和两优1号,杂交水稻,50
广西恒茂农业科技有限公司,2017,国家级,广西,Y两优5867,杂交水稻,20
广西兆和种业有限公司,2017,国家级,广西,H两优991,杂交水稻,30
广西兆和种业有限公司,2017,国家级,广西,H两优6839,杂交水稻,20
广西兆和种业有限公司,2017,国家级,广西,桂单0810,杂交玉米,15
贵州金农科技有限责任公司,2017,国家级,贵州,金优785,杂交水稻,4
贵州金农科技有限责任公司,2017,国家级,贵州,协优385,杂交水稻,4
贵州金农科技有限责任公司,2017,国家级,贵州,民优93,杂交水稻,4
贵州金农科技有限责任公司,2017,国家级,贵州,金优431,杂交水稻,3
贵州金农科技有限责任公司,2017,国家级,贵州,黔玉三号,杂交玉米,10
贵州金农科技有限责任公司,2017,国家级,贵州,金玉818,杂交玉米,20
贵州卓豪农业科技有限公司,2017,国家级,贵州,G优298,杂交水稻,10
贵州卓豪农业科技有限公司,2017,国家级,贵州,宜香优196,杂交水稻,5
贵州卓豪农业科技有限公司,2017,国家级,贵州,贵卓玉9号,杂交玉米,20
遵义农资（集团）农之本种业有限责任公司,2017,国家级,贵州,裕玉207,杂交玉米,30
遵义农资（集团）农之本种业有限责任公司,2017,国家级,贵州,裕单99,杂交玉米,20
海南广陵高科实业有限公司,2017,国家级,海南,华893S,水稻亲本,10
海南广陵高科实业有限公司,2017,国家级,海南,广陵优2585,杂交水稻,3
海南广陵高科实业有限公司,2017,国家级,海南,福龙两优3381,杂交水稻,3
海南广陵高科实业有限公司,2017,国家级,海南,龙两优031,杂交水稻,2
海南广陵高科实业有限公司,2017,国家级,海南,中科黑糯1号,常规水稻,2
海南神农基因科技股份有限公司,2017,国家级,海南,博II优506,杂交水稻,10
海南神农基因科技股份有限公司,2017,国家级,海南,神农（稻）326,杂交水稻,10
承德裕丰种业有限公司,2017,国家级,河北,承玉18,杂交玉米,15
承德裕丰种业有限公司,2017,国家级,河北,承玉358,杂交玉米,20
承德裕丰种业有限公司,2017,国家级,河北,农大364,杂交玉米,15
河北省宽城种业有限责任公司,2017,国家级,河北,宽诚60,杂交玉米,10
河北省宽城种业有限责任公司,2017,国家级,河北,宽诚15,杂交玉米,10
河北巡天农业科技有限公司,2017,国家级,河北,巡天1102,杂交玉米,20
河北巡天农业科技有限公司,2017,国家级,河北,巡天2008,杂交玉米,10
河北巡天农业科技有限公司,2017,国家级,河北,张杂谷3号,杂粮杂豆,15
河北巡天农业科技有限公司,2017,国家级,河北,张杂谷5号,杂粮杂豆,15
河北巡天农业科技有限公司,2017,国家级,河北,张杂谷6号,杂粮杂豆,10
河北巡天农业科技有限公司,2017,国家级,河北,张杂谷13号,杂粮杂豆,10
河北巡天农业科技有限公司,2017,国家级,河北,荷兰15,马铃薯,40
河北巡天农业科技有限公司,2017,国家级,河北,冀张薯8号,马铃薯,10
河北巡天农业科技有限公司,2017,国家级,河北,冀张薯12号,马铃薯,10
河南金苑种业有限公司,2017,国家级,河南,伟科702,杂交玉米,55
河南省豫玉种业股份有限公司,2017,国家级,河南,美豫5号,杂交玉米,50
河南先天下种业有限公司,2017,国家级,河南,中绿1号,杂粮杂豆,30
河南永优种业科技有限公司,2017,国家级,河南,浚单29,杂交玉米,50
北安市大龙种业有限责任公司,2017,国家级,黑龙江,龙达1号,大豆,40
北大荒垦丰种业股份有限公司,2017,国家级,黑龙江,德美亚1号,杂交玉米,25
讷河市鑫丰种业有限责任公司,2017,国家级,黑龙江,鑫科玉1号,杂交玉米,20
讷河市鑫丰种业有限责任公司,2017,国家级,黑龙江,北豆51,大豆,40
讷河市鑫丰种业有限责任公司,2017,国家级,黑龙江,华疆2号,大豆,40
讷河市鑫丰种业有限责任公司,2017,国家级,黑龙江,克新13,马铃薯,25
齐齐哈尔市富尔农艺有限公司,2017,国家级,黑龙江,富单2号,杂交玉米,20
齐齐哈尔市富尔农艺有限公司,2017,国家级,黑龙江,龙粳29,常规水稻,20
北大荒垦丰种业股份有限公司,2017,国家级,黑龙江农垦,三江1号,常规水稻,15
北大荒垦丰种业股份有限公司,2017,国家级,黑龙江农垦,绥玉7号,杂交玉米,35
北大荒垦丰种业股份有限公司,2017,国家级,黑龙江农垦,德美亚2号,杂交玉米,10
北大荒垦丰种业股份有限公司,2017,国家级,黑龙江农垦,黑河43,大豆,30
北大荒垦丰种业股份有限公司,2017,国家级,黑龙江农垦,北豆14号,大豆,30
北大荒垦丰种业股份有限公司,2017,国家级,黑龙江农垦,北豆42,大豆,10
北大荒垦丰种业股份有限公司,2017,国家级,黑龙江农垦,垦鉴豆28号,大豆,20
北大荒垦丰种业股份有限公司,2017,国家级,黑龙江农垦,华疆2号,大豆,10
湖北康农种业股份有限公司,2017,国家级,湖北,康农玉901,杂交玉米,50
湖北中香农业科技股份有限公司,2017,国家级,湖北,广两优香66,杂交水稻,50
武汉国英种业有限责任公司,2017,国家级,湖北,珞优8号,杂交水稻,50
武汉惠华三农种业有限公司,2017,国家级,湖北,两优619,杂交水稻,45
武汉武大天源生物科技股份有限公司,2017,国家级,湖北,天两优616,杂交水稻,25
武汉武大天源生物科技股份有限公司,2017,国家级,湖北,H两优30,杂交水稻,20
湖南洞庭高科种业股份有限公司,2017,国家级,湖南,岳优9113,杂交水稻,10
湖南洞庭高科种业股份有限公司,2017,国家级,湖南,岳优360,杂交水稻,20
湖南洞庭高科种业股份有限公司,2017,国家级,湖南,C两优018,杂交水稻,5
湖南洞庭高科种业股份有限公司,2017,国家级,湖南,盛泰优9712,杂交水稻,5
湖南洞庭高科种业股份有限公司,2017,国家级,湖南,岳4A,水稻亲本,5
湖南桃花源农业科技股份有限公司,2017,国家级,湖南,岳优518,杂交水稻,20
湖南桃花源农业科技股份有限公司,2017,国家级,湖南,C两优343,杂交水稻,5
湖南桃花源农业科技股份有限公司,2017,国家级,湖南,C两优87,杂交水稻,5
湖南桃花源农业科技股份有限公司,2017,国家级,湖南,Y两优143,杂交水稻,10
湖南桃花源农业科技股份有限公司,2017,国家级,湖南,C815S,水稻亲本,5
湖南希望种业科技股份有限公司,2017,国家级,湖南,Y两优6号,杂交水稻,15
湖南希望种业科技股份有限公司,2017,国家级,湖南,Y两优1998,杂交水稻,15
湖南希望种业科技股份有限公司,2017,国家级,湖南,N两优1号,杂交水稻,10
湖南希望种业科技股份有限公司,2017,国家级,湖南,望S,水稻亲本,2.5
湖南希望种业科技股份有限公司,2017,国家级,湖南,N111S,水稻亲本,2.5
袁隆平农业高科技股份有限公司,2017,国家级,湖南,丰源优272,杂交水稻,15
袁隆平农业高科技股份有限公司,2017,国家级,湖南,陵两优211,杂交水稻,10
袁隆平农业高科技股份有限公司,2017,国家级,湖南,C两优608,杂交水稻,10
袁隆平农业高科技股份有限公司,2017,国家级,湖南,Y两优1号,杂交水稻,15
袁隆平农业高科技股份有限公司,2017,国家级,湖南,准两优608,杂交水稻,10
袁隆平农业高科技股份有限公司,2017,国家级,湖南,中嘉早17,常规水稻,15
袁隆平农业高科技股份有限公司,2017,国家级,湖南,华润2号,常规水稻,15
袁隆平农业高科技股份有限公司,2017,国家级,湖南,准S,水稻亲本,3
袁隆平农业高科技股份有限公司,2017,国家级,湖南,P88S,水稻亲本,2
吉林吉农高新技术发展股份有限公司,2017,国家级,吉林,吉单27号,杂交玉米,30
吉林吉农高新技术发展股份有限公司,2017,国家级,吉林,吉粳88号,常规水稻,15
吉林吉农高新技术发展股份有限公司,2017,国家级,吉林,吉杂124,杂粮杂豆,7
吉林吉农高新技术发展股份有限公司,2017,国家级,吉林,吉杂127,杂粮杂豆,8
吉林省吉东种业有限责任公司,2017,国家级,吉林,吉东56,杂交玉米,40
吉林省平安种业有限公司,2017,国家级,吉林,平安169,杂交玉米,40
江苏红旗种业股份有限公司,2017,国家级,江苏,两优0367,杂交水稻,20
江苏明天种业科技股份有限公司,2017,国家级,江苏,内2优6号,杂交水稻,18
江苏明天种业科技股份有限公司,2017,国家级,江苏,II-32A,水稻亲本,1
江苏明天种业科技股份有限公司,2017,国家级,江苏,粤泰A,水稻亲本,1
江苏省大华种业集团有限公司,2017,国家级,江苏,苏玉34,杂交玉米,20
江苏中江种业股份有限公司,2017,国家级,江苏,武运粳27,常规水稻,35
江苏中江种业股份有限公司,2017,国家级,江苏,新两优6380,杂交水稻,20
江苏中江种业股份有限公司,2017,国家级,江苏,深两优9310,杂交水稻,30
江西金山种业有限公司,2017,国家级,江西,荣优225,杂交水稻,20
江西金山种业有限公司,2017,国家级,江西,荣优7号,杂交水稻,5
江西金山种业有限公司,2017,国家级,江西,优I608,杂交水稻,5
江西科源种业有限公司,2017,国家级,江西,中嘉早17,常规水稻,5
江西科源种业有限公司,2017,国家级,江西,江早361,常规水稻,15
江西科源种业有限公司,2017,国家级,江西,Y两优5867,杂交水稻,5
江西科源种业有限公司,2017,国家级,江西,五优103,杂交水稻,5
江西天涯种业有限公司,2017,国家级,江西,科优6418,杂交水稻,20
江西天涯种业有限公司,2017,国家级,江西,五优61,杂交水稻,15
江西先农种业有限公司,2017,国家级,江西,天优华占,杂交水稻,20
江西先农种业有限公司,2017,国家级,江西,五优华占,杂交水稻,20
江西先农种业有限公司,2017,国家级,江西,荣优华占,杂交水稻,20
江西现代种业股份有限公司,2017,国家级,江西,五丰优286,杂交水稻,35
江西现代种业股份有限公司,2017,国家级,江西,五丰优T025,杂交水稻,20
江西现代种业股份有限公司,2017,国家级,江西,深优1029,杂交水稻,5
江西兴安种业有限公司,2017,国家级,江西,中早25,常规水稻,10
江西兴安种业有限公司,2017,国家级,江西,美香占2号,常规水稻,10
大连盛世种业有限公司,2017,国家级,辽宁,盛单216,杂交玉米,15
大连盛世种业有限公司,2017,国家级,辽宁,盛单218,杂交玉米,15
辽宁东亚种业有限公司,2017,国家级,辽宁,石玉9号,杂交玉米,30
辽宁东亚种业有限公司,2017,国家级,辽宁,富友99,杂交玉米,30
辽宁东亚种业有限公司,2017,国家级,辽宁,东单2008,杂交玉米,10
辽宁东亚种业有限公司,2017,国家级,辽宁,北粳1号,常规水稻,5
辽宁东亚种业有限公司,2017,国家级,辽宁,沈农9816,常规水稻,5
辽宁东亚种业有限公司,2017,国家级,辽宁,东梁80,杂粮杂豆,1
辽宁东亚种业有限公司,2017,国家级,辽宁,东豇65,杂粮杂豆,0.5
辽宁东亚种业有限公司,2017,国家级,辽宁,豇豆王,杂粮杂豆,0.5
辽宁东亚种业有限公司,2017,国家级,辽宁,东谷1号,杂粮杂豆,1
辽宁东亚种业有限公司,2017,国家级,辽宁,东谷2号,杂粮杂豆,2
辽宁东亚种业有限公司,2017,国家级,辽宁,富友丰绿1号,杂粮杂豆,5
巴林左旗鑫达种业有限公司,2017,国家级,内蒙古,鑫杂2号,杂粮杂豆,10
巴林左旗鑫达种业有限公司,2017,国家级,内蒙古,鑫杂4号,杂粮杂豆,15
巴林左旗鑫达种业有限公司,2017,国家级,内蒙古,金丰谷,杂粮杂豆,5
内蒙古丰垦种业有限责任公司,2017,国家级,内蒙古,丰早303,杂交玉米,10
内蒙古丰垦种业有限责任公司,2017,国家级,内蒙古,兴垦9号,杂交玉米,20
内蒙古丰垦种业有限责任公司,2017,国家级,内蒙古,丰垦008,杂交玉米,15
内蒙古坤元太和农业科技有限公司,2017,国家级,内蒙古,夏波蒂,马铃薯,50
内蒙古民丰种业有限公司,2017,国家级,内蒙古,克新一号,马铃薯,25
内蒙古民丰种业有限公司,2017,国家级,内蒙古,夏波蒂,马铃薯,10
内蒙古民丰种业有限公司,2017,国家级,内蒙古,费乌瑞它,马铃薯,5
内蒙古民丰种业有限公司,2017,国家级,内蒙古,大西洋,马铃薯,5
翁牛特旗玉龙种子有限公司,2017,国家级,内蒙古,玉龙一号,杂交玉米,10
翁牛特旗玉龙种子有限公司,2017,国家级,内蒙古,玉龙11号,杂交玉米,10
翁牛特旗玉龙种子有限公司,2017,国家级,内蒙古,赤谷四号,杂粮杂豆,10
翁牛特旗玉龙种子有限公司,2017,国家级,内蒙古,大金苗,杂粮杂豆,10
翁牛特旗玉龙种子有限公司,2017,国家级,内蒙古,日本大粒,杂粮杂豆,10
扎鲁特旗众德种业有限责任公司,2017,国家级,内蒙古,众德331,杂交玉米,10
扎鲁特旗众德种业有限责任公司,2017,国家级,内蒙古,扎玉1号,杂交玉米,10
扎鲁特旗众德种业有限责任公司,2017,国家级,内蒙古,高杂4,杂粮杂豆,10
扎鲁特旗众德种业有限责任公司,2017,国家级,内蒙古,吉杂121,杂粮杂豆,10
宁夏丰禾种苗有限公司,2017,国家级,宁夏,宁单16号,杂交玉米,25
宁夏丰禾种苗有限公司,2017,国家级,宁夏,冀张薯8号,马铃薯,30
盐池县种子公司,2017,国家级,宁夏,信农1号,杂粮杂豆,5
盐池县种子公司,2017,国家级,宁夏,黔黑荞1号,杂粮杂豆,5
盐池县种子公司,2017,国家级,宁夏,盐池荞麦,杂粮杂豆,15
盐池县种子公司,2017,国家级,宁夏,宁糜17号,杂粮杂豆,3
盐池县种子公司,2017,国家级,宁夏,黄糜子,杂粮杂豆,4
盐池县种子公司,2017,国家级,宁夏,小黑糜子,杂粮杂豆,3
海南州百信绿色农业开发有限公司,2017,国家级,青海,青油21号,油菜,5
海南州百信绿色农业开发有限公司,2017,国家级,青海,浩油11号,油菜,5
海南州百信绿色农业开发有限公司,2017,国家级,青海,柴青1号,杂粮杂豆,40
青海互丰农业科技集团有限公司,2017,国家级,青海,青杂2号,油菜,20
青海互丰农业科技集团有限公司,2017,国家级,青海,青杂5号,油菜,20
青海省西宁市大通县惠丰种业 有限责任公司,2017,国家级,青海,青杂6号,油菜,5
青海省西宁市大通县惠丰种业 有限责任公司,2017,国家级,青海,柴青1号,杂粮杂豆,30
青海省西宁市大通县惠丰种业 有限责任公司,2017,国家级,青海,青海12号,杂粮杂豆,5
山东冠丰种业科技有限公司,2017,国家级,山东,蠡玉37,杂交玉米,45
山东连胜种业有限公司,2017,国家级,山东,莱农14号,杂交玉米,15
山东连胜种业有限公司,2017,国家级,山东,连胜216,杂交玉米,10
山东圣丰种业科技有限公司,2017,国家级,山东,鲁黄1号,大豆,5
山东圣丰种业科技有限公司,2017,国家级,山东,圣豆九号,大豆,5
山东圣丰种业科技有限公司,2017,国家级,山东,徐豆20,大豆,5
山东圣丰种业科技有限公司,2017,国家级,山东,徐豆18,大豆,20
山东中农天泰种业有限公司,2017,国家级,山东,天泰55,杂交玉米,30
山东中农天泰种业有限公司,2017,国家级,山东,天泰33,杂交玉米,15
山西诚信种业有限公司,2017,国家级,山西,诚信16号,杂交玉米,24
山西诚信种业有限公司,2017,国家级,山西,诚信5号,杂交玉米,8
山西诚信种业有限公司,2017,国家级,山西,MC220,杂交玉米,5
山西诚信种业有限公司,2017,国家级,山西,晋豆25号,大豆,7
山西诚信种业有限公司,2017,国家级,山西,长农40号,杂粮杂豆,7
山西潞玉种业股份有限公司,2017,国家级,山西,潞玉19,杂交玉米,10
山西潞玉种业股份有限公司,2017,国家级,山西,潞玉36,杂交玉米,58
山西潞玉种业股份有限公司,2017,国家级,山西,潞玉5号,杂交玉米,5
山西潞玉种业股份有限公司,2017,国家级,山西,晋豆25号,大豆,8
山西潞玉种业股份有限公司,2017,国家级,山西,晋谷29号,杂粮杂豆,8
陕西大地种业有限公司,2017,国家级,陕西,榆单88,杂交玉米,10
陕西大地种业有限公司,2017,国家级,陕西,榆单13,杂交玉米,5
陕西大地种业有限公司,2017,国家级,陕西,陕单609,杂交玉米,20
陕西鸿塬种业有限公司,2017,国家级,陕西,秦优7号,油菜,10
陕西鸿塬种业有限公司,2017,国家级,陕西,秦杂油19,油菜,5
陕西秦龙绿色种业有限公司,2017,国家级,陕西,改良户单4号,杂交玉米,40
陕西秦龙绿色种业有限公司,2017,国家级,陕西,秦龙11,杂交玉米,30
陕西秦龙绿色种业有限公司,2017,国家级,陕西,秦龙998,杂交玉米,20
陕西荣华农业科技有限公司,2017,国家级,陕西,秦优10号,油菜,5
陕西荣华农业科技有限公司,2017,国家级,陕西,沣油737,油菜,18
陕西荣华农业科技有限公司,2017,国家级,陕西,荣华油2号,油菜,2
陕西荣华农业科技有限公司,2017,国家级,陕西,荣华油5号,油菜,2
陕西荣华农业科技有限公司,2017,国家级,陕西,荣华油6号,油菜,3
上海崇明种子有限公司,2017,国家级,上海,秀水134,常规水稻,25
上海崇明种子有限公司,2017,国家级,上海,沪香粳106,常规水稻,10
上海崇明种子有限公司,2017,国家级,上海,花优14,杂交水稻,10
四川国豪种业股份有限公司,2017,国家级,四川,宜香725,杂交水稻,25
四川国豪种业股份有限公司,2017,国家级,四川,宜香3728,杂交水稻,5
四川国豪种业股份有限公司,2017,国家级,四川,绵香576,杂交水稻,5
四川国豪种业股份有限公司,2017,国家级,四川,冈优725,杂交水稻,10
四川国豪种业股份有限公司,2017,国家级,四川,蓉18优662,杂交水稻,10
四川华丰种业有限责任公司,2017,国家级,四川,川优6203,杂交水稻,25
四川华丰种业有限责任公司,2017,国家级,四川,川香优2号,杂交水稻,25
四川华丰种业有限责任公司,2017,国家级,四川,冈优99,杂交水稻,15
四川华丰种业有限责任公司,2017,国家级,四川,川106A,水稻亲本,3
四川华丰种业有限责任公司,2017,国家级,四川,川香29A,水稻亲本,2
四川华丰种业有限责任公司,2017,国家级,四川,蜀丰6608,油菜,5
四川同路农业科技有限责任公司,2017,国家级,四川,金玉509,杂交玉米,12
四川同路农业科技有限责任公司,2017,国家级,四川,同玉11,杂交玉米,10
四川同路农业科技有限责任公司,2017,国家级,四川,同玉18,杂交玉米,15
四川同路农业科技有限责任公司,2017,国家级,四川,德新油49,油菜,5
四川同路农业科技有限责任公司,2017,国家级,四川,德新油59,油菜,5
四川同路农业科技有限责任公司,2017,国家级,四川,泸糯12号,杂粮杂豆,3
仲衍种业股份有限公司,2017,国家级,四川,天优8012,杂交水稻,25
仲衍种业股份有限公司,2017,国家级,四川,冈优900,杂交水稻,10
仲衍种业股份有限公司,2017,国家级,四川,川优6203,杂交水稻,10
仲衍种业股份有限公司,2017,国家级,四川,川香优506,杂交水稻,5
仲衍种业股份有限公司,2017,国家级,四川,冈46A,水稻亲本,2.5
仲衍种业股份有限公司,2017,国家级,四川,蓉18A,水稻亲本,5
仲衍种业股份有限公司,2017,国家级,四川,协青早A,水稻亲本,0.5
仲衍种业股份有限公司,2017,国家级,四川,中9A,水稻亲本,0.5
仲衍种业股份有限公司,2017,国家级,四川,辐74A,水稻亲本,1
仲衍种业股份有限公司,2017,国家级,四川,川106A,水稻亲本,0.5
仲衍种业股份有限公司,2017,国家级,四川,蜀龙13,杂交玉米,15
仲衍种业股份有限公司,2017,国家级,四川,珍禾玉1号,杂交玉米,5
仲衍种业股份有限公司,2017,国家级,四川,蓉油18,油菜,2
仲衍种业股份有限公司,2017,国家级,四川,德仲油1号,油菜,1
仲衍种业股份有限公司,2017,国家级,四川,蓉油16,油菜,1
仲衍种业股份有限公司,2017,国家级,四川,蓉油15,油菜,1
仲衍种业股份有限公司,2017,国家级,四川,意大利蚕豆,杂粮杂豆,1
仲衍种业股份有限公司,2017,国家级,四川,丰优无须豌豆,杂粮杂豆,4
天津中天大地科技有限公司,2017,国家级,天津,天塔五号,杂交玉米,17
天津中天大地科技有限公司,2017,国家级,天津,津北288,杂交玉米,12
天津中天大地科技有限公司,2017,国家级,天津,天塔一号,杂交玉米,6
天津中天大地科技有限公司,2017,国家级,天津,津原45,常规水稻,5
天津中天大地科技有限公司,2017,国家级,天津,津原E28,常规水稻,22
天津中天大地科技有限公司,2017,国家级,天津,津原47,常规水稻,12
天津中天大地科技有限公司,2017,国家级,天津,津原11,常规水稻,11
新疆华西种业有限公司,2017,国家级,新疆,新玉59号,杂交玉米,50
新疆金丰源种业股份有限公司,2017,国家级,新疆,新陆早66号,棉花,50
新疆天玉种业有限责任公司,2017,国家级,新疆,新玉42号,杂交玉米,20
新疆盛源种业有限责任公司,2017,国家级,新疆兵团,新引KX3564,杂交玉米,30
新疆盛源种业有限责任公司,2017,国家级,新疆兵团,新陆早45号,棉花,50
新疆盛源种业有限责任公司,2017,国家级,新疆兵团,新陆早62号,棉花,40
宣威市种子公司,2017,国家级,云南,宣黄单4号,杂交玉米,50
云南大天种业有限公司,2017,国家级,云南,大天1号,杂交玉米,50
云南禾朴农业科技有限公司,2017,国家级,云南,滇禾优34,杂交水稻,15
云南禾朴农业科技有限公司,2017,国家级,云南,滇杂35,杂交水稻,5
云南田瑞种业有限公司,2017,国家级,云南,云瑞88,杂交玉米,30
云南田瑞种业有限公司,2017,国家级,云南,云瑞999,杂交玉米,10
嘉兴市登丰种业有限公司,2017,国家级,浙江,秀水519,常规水稻,10
嘉兴市登丰种业有限公司,2017,国家级,浙江,秀水134,常规水稻,15
浙江勿忘农种业股份有限公司,2017,国家级,浙江,中早39,常规水稻,40
浙江勿忘农种业股份有限公司,2017,国家级,浙江,秀水519,常规水稻,15
浙江勿忘农种业股份有限公司,2017,国家级,浙江,中浙优10号,杂交水稻,15
浙江勿忘农种业股份有限公司,2017,国家级,浙江,中浙优8号,杂交水稻,40
浙江勿忘农种业股份有限公司,2017,国家级,浙江,中浙优1号,杂交水稻,25
中国种子集团有限公司,2017,国家级,中种集团,盛泰优722,杂交水稻,15
中国种子集团有限公司,2017,国家级,中种集团,盛泰优018,杂交水稻,5
中国种子集团有限公司,2017,国家级,中种集团,宜香107,杂交水稻,5
中国种子集团有限公司,2017,国家级,中种集团,内5优5399,杂交水稻,5
中国种子集团有限公司,2017,国家级,中种集团,德香4103,杂交水稻,6
中国种子集团有限公司,2017,国家级,中种集团,德优4727,杂交水稻,4
中国种子集团有限公司,2017,国家级,中种集团,深优9734,杂交水稻,5
中国种子集团有限公司,2017,国家级,中种集团,内5优39,杂交水稻,8
中国种子集团有限公司,2017,国家级,中种集团,宜香4245,杂交水稻,8
中国种子集团有限公司,2017,国家级,中种集团,五优308,杂交水稻,5
中国种子集团有限公司,2017,国家级,中种集团,五丰优615,杂交水稻,5
中国种子集团有限公司,2017,国家级,中种集团,天优2168,杂交水稻,5
中国种子集团有限公司,2017,国家级,中种集团,天优3618,杂交水稻,5
中国种子集团有限公司,2017,国家级,中种集团,广两优16,杂交水稻,4
中国种子集团有限公司,2017,国家级,中种集团,两优3313,杂交水稻,4
中国种子集团有限公司,2017,国家级,中种集团,岳优617,杂交水稻,5
中国种子集团有限公司,2017,国家级,中种集团,博II优767,杂交水稻,2
中国种子集团有限公司,2017,国家级,中种集团,博II优629,杂交水稻,1
中国种子集团有限公司,2017,国家级,中种集团,红泰优996,杂交水稻,1
中国种子集团有限公司,2017,国家级,中种集团,福龙两优29,杂交水稻,1
中国种子集团有限公司,2017,国家级,中种集团,II优629,杂交水稻,1
中国种子集团有限公司,2017,国家级,中种集团,郑单958,杂交玉米,90
中国种子集团有限公司,2017,国家级,中种集团,郑58,玉米亲本,16.1
中国种子集团有限公司,2017,国家级,中种集团,昌7-2,玉米亲本,3.9
重庆帮豪种业股份有限公司,2017,国家级,重庆,繁优709,杂交水稻,10
重庆帮豪种业股份有限公司,2017,国家级,重庆,万优481,杂交水稻,10
重庆帮豪种业股份有限公司,2017,国家级,重庆,帮豪玉108,杂交玉米,15
重庆帮豪种业股份有限公司,2017,国家级,重庆,华凯2号,杂交玉米,5
重庆中一种业有限公司,2017,国家级,重庆,Q优1号,杂交水稻,10
重庆中一种业有限公司,2017,国家级,重庆,Q优6号,杂交水稻,20
重庆中一种业有限公司,2017,国家级,重庆,Q优8号,杂交水稻,20
重庆中一种业有限公司,2017,国家级,重庆,Q优28,杂交水稻,10
,,,,,,
安徽国豪农业科技有限公司,2018,国家级,安徽,晚粳22,常规水稻,20
安徽国豪农业科技有限公司,2018,国家级,安徽,徽豪油5号,油菜,20
安徽荃银高科种业股份有限公司,2018,国家级,安徽,徽两优898,杂交水稻,40
安徽荃银高科种业股份有限公司,2018,国家级,安徽,天粳2号,常规水稻,10
天禾农业科技集团股份有限公司,2018,国家级,安徽,宁粳2号,常规水稻,25
天禾农业科技集团股份有限公司,2018,国家级,安徽,天两优6号,杂交水稻,40
北京龙耘种业有限公司,2018,国家级,北京,京农科728,杂交玉米,40
北京龙耘种业有限公司,2018,国家级,北京,中黄13,大豆,10
北京顺鑫农科种业科技有限公司,2018,国家级,北京,MC812,杂交玉米,20
北京顺鑫农科种业科技有限公司,2018,国家级,北京,京单38,杂交玉米,10
白银金穗种业有限公司,2018,国家级,甘肃,金穗3号,杂交玉米,15
白银金穗种业有限公司,2018,国家级,甘肃,金穗1203,杂交玉米,15
白银金穗种业有限公司,2018,国家级,甘肃,金穗3号,杂交玉米,15
甘肃定西百泉马铃薯有限公司,2018,国家级,甘肃,青薯9号,马铃薯,60
甘肃金源种业股份有限公司,2018,国家级,甘肃,金凯3号,杂交玉米,13
甘肃金源种业股份有限公司,2018,国家级,甘肃,金凯5号,杂交玉米,12
甘肃种业有限公司,2018,国家级,甘肃,甘玉801,杂交玉米,13
甘肃种业有限公司,2018,国家级,甘肃,豫玉22号,杂交玉米,17
广东省金稻种业有限公司,2018,国家级,广东,粤晶丝苗2号,常规水稻,5
广东省金稻种业有限公司,2018,国家级,广东,五优308,杂交水稻,7
广东省金稻种业有限公司,2018,国家级,广东,五丰优615,杂交水稻,7
广东省金稻种业有限公司,2018,国家级,广东,泰丰优208,杂交水稻,8
广东省金稻种业有限公司,2018,国家级,广东,天优998,杂交水稻,8
广东粤良种业有限公司,2018,国家级,广东,恒丰优387,杂交水稻,30
广东粤良种业有限公司,2018,国家级,广东,粤晶丝苗2号,常规水稻,20
广西恒茂农业科技有限公司,2018,国家级,广西,和两优1号,杂交水稻,10
广西恒茂农业科技有限公司,2018,国家级,广西,亚航670,杂交玉米,10
广西恒茂农业科技有限公司,2018,国家级,广西,亚航639,杂交玉米,10
广西兆和种业有限公司,2018,国家级,广西,兆香1号,常规水稻,25
广西兆和种业有限公司,2018,国家级,广西,H两优991,杂交水稻,30
广西兆和种业有限公司,2018,国家级,广西,桂单0810,杂交玉米,30
贵州金农科技有限责任公司,2018,国家级,贵州,黔糯868,杂交玉米,17
贵州金农科技有限责任公司,2018,国家级,贵州,金玉818,杂交玉米,18
贵州金农科技有限责任公司,2018,国家级,贵州,金麻粘,常规水稻,10
贵州金农科技有限责任公司,2018,国家级,贵州,黔豆10号,大豆,5
贵州省卓豪农业科技股份有限公司,2018,国家级,贵州,宜香优2115,杂交水稻,12
贵州省卓豪农业科技股份有限公司,2018,国家级,贵州,滇屯502,常规水稻,15
贵州省卓豪农业科技股份有限公司,2018,国家级,贵州,贵卓玉9号,杂交玉米,13
遵义农资（集团）农之本种业有限责任公司,2018,国家级,贵州,义农玉188,杂交玉米,19
遵义农资（集团）农之本种业有限责任公司,2018,国家级,贵州,贵农玉898,杂交玉米,21
遵义农资（集团）农之本种业有限责任公司,2018,国家级,贵州,锡利贡米,常规水稻,20
海南广陵高科实业有限公司,2018,国家级,海南,华893S,杂交水稻亲本,4
海南广陵高科实业有限公司,2018,国家级,海南,广陵优2585,杂交水稻,8
海南广陵高科实业有限公司,2018,国家级,海南,龙两优031,杂交水稻,8
海南广陵高科实业有限公司,2018,国家级,海南,中科黑糯1号,常规水稻,10
海南神农基因科技股份有限公司,2018,国家级,海南,博Ⅱ优506,杂交水稻,10
海南神农基因科技股份有限公司,2018,国家级,海南,特优730,杂交水稻,10
海南神农基因科技股份有限公司,2018,国家级,海南,华优329,杂交水稻,10
河北省宽城种业有限责任公司,2018,国家级,河北,宽诚60,杂交玉米,30
河北省宽城种业有限责任公司,2018,国家级,河北,宽诚15,杂交玉米,30
河北省宽城种业有限责任公司,2018,国家级,河北,邯丰08,杂交玉米,5
河北省宽城种业有限责任公司,2018,国家级,河北,海34,玉米亲本,1
河北省宽城种业有限责任公司,2018,国家级,河北,K404,玉米亲本,2
河北省宽城种业有限责任公司,2018,国家级,河北,海35,玉米亲本,1
河北省宽城种业有限责任公司,2018,国家级,河北,海106,玉米亲本,1
河北巡天农业科技有限公司,2018,国家级,河北,张杂谷3号,杂粮杂豆,3
河北巡天农业科技有限公司,2018,国家级,河北,张杂谷13号,杂粮杂豆,3
河北巡天农业科技有限公司,2018,国家级,河北,荷兰15,马铃薯,6
河北巡天农业科技有限公司,2018,国家级,河北,冀张薯8号,马铃薯,6
河北巡天农业科技有限公司,2018,国家级,河北,冀张薯12号,马铃薯,7
河北巡天农业科技有限公司,2018,国家级,河北,农大372,杂交玉米,35
河北巡天农业科技有限公司,2018,国家级,河北,巡天1102,杂交玉米,34
河北巡天农业科技有限公司,2018,国家级,河北,巡天969,杂交玉米,31
河南金苑种业股份有限公司,2018,国家级,河南,伟科702,杂交玉米,55
河南省豫玉种业股份有限公司,2018,国家级,河南,美豫5号,杂交玉米,25
河南省豫玉种业股份有限公司,2018,国家级,河南,豫禾868,杂交玉米,25
河南先天下种业有限公司,2018,国家级,河南,先科338,杂交玉米,20
河南永优种业科技有限公司,2018,国家级,河南,浚单29,杂交玉米,50
北安市大龙种业有限责任公司,2018,国家级,黑龙江,龙达1号,大豆,10
北安市大龙种业有限责任公司,2018,国家级,黑龙江,龙小豆3号,杂粮杂豆,5
北大荒垦丰种业股份有限公司,2018,国家级,黑龙江,德美亚1号,杂交玉米,40
北大荒垦丰种业股份有限公司,2018,国家级,黑龙江,金源55号,大豆,10
讷河市鑫丰种业有限责任公司,2018,国家级,黑龙江,鑫科玉1号,杂交玉米,43
讷河市鑫丰种业有限责任公司,2018,国家级,黑龙江,亲本,杂交玉米,11
讷河市鑫丰种业有限责任公司,2018,国家级,黑龙江,北豆51号,大豆,9
讷河市鑫丰种业有限责任公司,2018,国家级,黑龙江,华疆2号,大豆,11
讷河市鑫丰种业有限责任公司,2018,国家级,黑龙江,克新13号,马铃薯,10
讷河市鑫丰种业有限责任公司,2018,国家级,黑龙江,马铃薯原原种,马铃薯,11
齐齐哈尔富尔农艺有限公司,2018,国家级,黑龙江,富单2号,杂交玉米,15
齐齐哈尔富尔农艺有限公司,2018,国家级,黑龙江,富单12号,杂交玉米,15
齐齐哈尔富尔农艺有限公司,2018,国家级,黑龙江,富豆1号,大豆,5
齐齐哈尔富尔农艺有限公司,2018,国家级,黑龙江,龙粳29号,常规水稻,10
北大荒垦丰种业股份有限公司,2018,国家级,黑龙江农垦总局,德美亚1号,杂交玉米,130
北大荒垦丰种业股份有限公司,2018,国家级,黑龙江农垦总局,龙粳31,杂交水稻,10
北大荒垦丰种业股份有限公司,2018,国家级,黑龙江农垦总局,北豆53,大豆,10
北大荒垦丰种业股份有限公司,2018,国家级,黑龙江农垦总局,北豆14号,大豆,10
北大荒垦丰种业股份有限公司,2018,国家级,黑龙江农垦总局,金源55号,大豆,15
北大荒垦丰种业股份有限公司,2018,国家级,黑龙江农垦总局,黑河43,大豆,20
北大荒垦丰种业股份有限公司,2018,国家级,黑龙江农垦总局,黑河52,大豆,10
湖北惠民农业科技有限公司,2018,国家级,湖北,惠民302,杂交玉米,20
湖北惠民农业科技有限公司,2018,国家级,湖北,创玉38,杂交玉米,20
湖北康农种业股份有限公司,2018,国家级,湖北,康农玉108,杂交玉米,50
湖北中香农业科技股份有限公司,2018,国家级,湖北,鄂晚17,常规水稻,10
湖北中香农业科技股份有限公司,2018,国家级,湖北,广两优香66,杂交水稻,40
武汉国英种业有限责任公司,2018,国家级,湖北,珞优8号,杂交水稻,50
武汉惠华三农种业有限公司,2018,国家级,湖北,两优619,杂交水稻,22
武汉惠华三农种业有限公司,2018,国家级,湖北,惠两优7408,杂交水稻,18
武汉武大天源生物科技股份有限公司,2018,国家级,湖北,H两优30,杂交水稻,23
武汉武大天源生物科技股份有限公司,2018,国家级,湖北,天两优616,杂交水稻,22
湖南洞庭高科种业股份有限公司,2018,国家级,湖南,岳优9113,杂交水稻,11
湖南洞庭高科种业股份有限公司,2018,国家级,湖南,盛泰优9712,杂交水稻,11
湖南洞庭高科种业股份有限公司,2018,国家级,湖南,盛泰优722,杂交水稻,11
湖南洞庭高科种业股份有限公司,2018,国家级,湖南,盛泰优018,杂交水稻,12
湖南桃花源农业科技股份有限公司,2018,国家级,湖南,湘早籼45号,杂交水稻,4
湖南桃花源农业科技股份有限公司,2018,国家级,湖南,湘早籼24号,杂交水稻,3
湖南桃花源农业科技股份有限公司,2018,国家级,湖南,中早25,杂交水稻,3
湖南桃花源农业科技股份有限公司,2018,国家级,湖南,Y两优143,杂交水稻,8
湖南桃花源农业科技股份有限公司,2018,国家级,湖南,C两优343,杂交水稻,7
湖南桃花源农业科技股份有限公司,2018,国家级,湖南,中优117,杂交水稻,8
湖南桃花源农业科技股份有限公司,2018,国家级,湖南,岳优518,杂交水稻,6
湖南桃花源农业科技股份有限公司,2018,国家级,湖南,岳优3700,杂交水稻,6
湖南希望种业科技股份有限公司,2018,国家级,湖南,Y两优1998,杂交水稻,22
湖南希望种业科技股份有限公司,2018,国家级,湖南,望两优华占,杂交水稻,18
袁隆平农业高科技股份有限公司,2018,国家级,湖南,中嘉早17,常规水稻,45
袁隆平农业高科技股份有限公司,2018,国家级,湖南,华润2号,常规水稻,18
袁隆平农业高科技股份有限公司,2018,国家级,湖南,Y两优1号,杂交水稻,23
袁隆平农业高科技股份有限公司,2018,国家级,湖南,C两优608,杂交水稻,18
袁隆平农业高科技股份有限公司,2018,国家级,湖南,C两优1102,杂交水稻,21
袁隆平农业高科技股份有限公司,2018,国家级,湖南,深优5105,杂交水稻,18
袁隆平农业高科技股份有限公司,2018,国家级,湖南,广两优矮93,杂交水稻,18
袁隆平农业高科技股份有限公司,2018,国家级,湖南,深两优5183,杂交水稻,22
袁隆平农业高科技股份有限公司,2018,国家级,湖南,Y58S,水稻亲本,6
袁隆平农业高科技股份有限公司,2018,国家级,湖南,准S,水稻亲本,6
吉林吉农高新技术发展股份有限公司,2018,国家级,吉林,吉粳88,常规水稻,15
吉林吉农高新技术发展股份有限公司,2018,国家级,吉林,吉育83,大豆,3
吉林吉农高新技术发展股份有限公司,2018,国家级,吉林,吉育69,大豆,3
吉林吉农高新技术发展股份有限公司,2018,国家级,吉林,吉杂124,杂粮杂豆,2
吉林吉农高新技术发展股份有限公司,2018,国家级,吉林,吉杂127,杂粮杂豆,2
吉林吉农高新技术发展股份有限公司,2018,国家级,吉林,吉单27,杂交玉米,40
吉林省吉东种业有限责任公司,2018,国家级,吉林,吉东56,杂交玉米,40
吉林省平安种业有限公司,2018,国家级,吉林,平安169,杂交玉米,40
江苏红旗种业股份有限公司,2018,国家级,江苏,南粳5055,常规水稻,10
江苏红旗种业股份有限公司,2018,国家级,江苏,中莲优950,杂交水稻,10
江苏明天种业科技股份有限公司,2018,国家级,江苏,深两优862,杂交水稻,9
江苏明天种业科技股份有限公司,2018,国家级,江苏,苏玉20,杂交玉米,9
江苏明天种业科技股份有限公司,2018,国家级,江苏,Ⅱ-32A,杂交水稻亲本,1
江苏明天种业科技股份有限公司,2018,国家级,江苏,粤泰A,杂交水稻亲本,1
江苏省大华种业集团有限公司,2018,国家级,江苏,武运粳30号,常规水稻,10
江苏省大华种业集团有限公司,2018,国家级,江苏,苏玉34,杂交玉米,10
江苏中江种业股份有限公司,2018,国家级,江苏,武运粳23号,常规水稻,6
江苏中江种业股份有限公司,2018,国家级,江苏,宁粳8号,常规水稻,7
江苏中江种业股份有限公司,2018,国家级,江苏,武运粳27号,常规水稻,7
江苏中江种业股份有限公司,2018,国家级,江苏,新两优6380,杂交水稻,17
江苏中江种业股份有限公司,2018,国家级,江苏,深两优9310,杂交水稻,17
江苏中江种业股份有限公司,2018,国家级,江苏,江玉403,杂交玉米,16
江苏中江种业股份有限公司,2018,国家级,江苏,中江玉703,杂交玉米,15
江西科源种业有限公司,2018,国家级,江西,江早361,常规水稻,10
江西科源种业有限公司,2018,国家级,江西,吉优353,杂交水稻,10
江西天涯种业有限公司,2018,国家级,江西,湘早籼45号,常规水稻,25
江西天涯种业有限公司,2018,国家级,江西,五优61,杂交水稻,8
江西天涯种业有限公司,2018,国家级,江西,创两优4418,杂交水稻,9
江西天涯种业有限公司,2018,国家级,江西,吉优雅占,杂交水稻,8
江西先农种业有限公司,2018,国家级,江西,湘早籼42号,常规水稻,35
江西先农种业有限公司,2018,国家级,江西,天优华占,杂交水稻,20
江西先农种业有限公司,2018,国家级,江西,荣优华占,杂交水稻,10
江西先农种业有限公司,2018,国家级,江西,欣荣优华占,杂交水稻,5
江西现代种业股份有限公司,2018,国家级,江西,早籼618,常规水稻,15
江西现代种业股份有限公司,2018,国家级,江西,早籼616,常规水稻,15
江西现代种业股份有限公司,2018,国家级,江西,五丰优T025,杂交水稻,5
江西现代种业股份有限公司,2018,国家级,江西,泰优871,杂交水稻,5
江西现代种业股份有限公司,2018,国家级,江西,泰优398,杂交水稻,7
江西现代种业股份有限公司,2018,国家级,江西,泰优98,杂交水稻,8
江西现代种业股份有限公司,2018,国家级,江西,泰丰优208,杂交水稻,5
江西兴安种业有限公司,2018,国家级,江西,甬籼975,常规水稻,20
江西兴安种业有限公司,2018,国家级,江西,中优早13,常规水稻,5
江西兴安种业有限公司,2018,国家级,江西,优I2058,杂交水稻,5
江西兴安种业有限公司,2018,国家级,江西,建优381,杂交水稻,10
江西兴安种业有限公司,2018,国家级,江西,建优1103,杂交水稻,5
江西兴安种业有限公司,2018,国家级,江西,佳优617,杂交水稻,5
大连盛世种业有限公司,2018,国家级,辽宁,辽禾338,杂交玉米,30
辽宁东亚种业有限公司,2018,国家级,辽宁,东单6531,杂交玉米,35
辽宁东亚种业有限公司,2018,国家级,辽宁,石玉9号,杂交玉米,25
辽宁东亚种业有限公司,2018,国家级,辽宁,富友99,杂交玉米,25
辽宁东亚种业有限公司,2018,国家级,辽宁,东豆1号,大豆,10
辽宁东亚种业有限公司,2018,国家级,辽宁,东粱70,杂粮杂豆,3
辽宁东亚种业有限公司,2018,国家级,辽宁,富友丰绿1号,杂粮杂豆,5
辽宁东亚种业有限公司,2018,国家级,辽宁,东谷1号,杂粮杂豆,2
巴林左旗鑫达种业有限公司,2018,国家级,内蒙古,鑫杂2,杂粮杂豆,5
巴林左旗鑫达种业有限公司,2018,国家级,内蒙古,鑫杂4,杂粮杂豆,5
巴林左旗鑫达种业有限公司,2018,国家级,内蒙古,金丰谷,杂粮杂豆,5
内蒙古丰垦种业有限责任公司,2018,国家级,内蒙古,丰早303,杂交玉米,13
内蒙古丰垦种业有限责任公司,2018,国家级,内蒙古,兴垦9号,杂交玉米,14
内蒙古丰垦种业有限责任公司,2018,国家级,内蒙古,丰垦008,杂交玉米,13
内蒙古坤元太和农业科技有限公司,2018,国家级,内蒙古,夏波蒂,马铃薯,10
内蒙古民丰种业有限公司,2018,国家级,内蒙古,克新一号,马铃薯,3
内蒙古民丰种业有限公司,2018,国家级,内蒙古,夏波蒂,马铃薯,3
内蒙古民丰种业有限公司,2018,国家级,内蒙古,费乌瑞它,马铃薯,4
翁牛特旗玉龙种子有限公司,2018,国家级,内蒙古,玉龙一号,杂交玉米,20
翁牛特旗玉龙种子有限公司,2018,国家级,内蒙古,玉龙11号,杂交玉米,20
翁牛特旗玉龙种子有限公司,2018,国家级,内蒙古,赤谷四号,杂粮杂豆,3
翁牛特旗玉龙种子有限公司,2018,国家级,内蒙古,大金苗,杂粮杂豆,2
扎鲁特旗众德种业有限责任公司,2018,国家级,内蒙古,高杂4,杂粮杂豆,5
扎鲁特旗众德种业有限责任公司,2018,国家级,内蒙古,吉杂121,杂粮杂豆,5
宁夏丰禾种苗有限公司,2018,国家级,宁夏,宁单16号,杂交玉米,40
宁夏丰禾种苗有限公司,2018,国家级,宁夏,青薯9号,马铃薯,15
盐池县嘉丰种业有限公司,2018,国家级,宁夏,信农1号,杂粮杂豆,5
盐池县嘉丰种业有限公司,2018,国家级,宁夏,黔黑荞,杂粮杂豆,5
盐池县嘉丰种业有限公司,2018,国家级,宁夏,盐池荞麦,杂粮杂豆,5
盐池县嘉丰种业有限公司,2018,国家级,宁夏,宁糜17号,杂粮杂豆,3
盐池县嘉丰种业有限公司,2018,国家级,宁夏,小黑糜子,杂粮杂豆,2
海南州百信绿色农业开发公司,2018,国家级,青海,青油21号,油菜,20
海南州百信绿色农业开发公司,2018,国家级,青海,浩油11号,油菜,20
海南州百信绿色农业开发公司,2018,国家级,青海,柴青1号,杂粮杂豆,5
青海互丰农业科技集团公司,2018,国家级,青海,青杂2号,油菜,13
青海互丰农业科技集团公司,2018,国家级,青海,青杂5号,油菜,13
青海互丰农业科技集团公司,2018,国家级,青海,青杂7号,油菜,14
乐陵希森马铃薯产业集团有限公司,2018,国家级,山东,希森三号/希森六号,马铃薯,30
乐陵希森马铃薯产业集团有限公司,2018,国家级,山东,希森三号/希森六号,马铃薯,120
山东登海种业股份有限公司,2018,国家级,山东,登海618,杂交玉米,75
山东登海种业股份有限公司,2018,国家级,山东,登海605,杂交玉米,75
山东连胜种业有限公司,2018,国家级,山东,莱农14,杂交玉米,7
山东连胜种业有限公司,2018,国家级,山东,连胜216,杂交玉米,7
山东连胜种业有限公司,2018,国家级,山东,连胜2018,杂交玉米,6
山东圣丰种业科技有限公司,2018,国家级,山东,圣豆5号,大豆,10
山东圣丰种业科技有限公司,2018,国家级,山东,徐豆18,大豆,10
山东圣丰种业科技有限公司,2018,国家级,山东,徐豆14,大豆,10
山东圣丰种业科技有限公司,2018,国家级,山东,黑河43,大豆,20
山东鑫丰种业股份有限公司,2018,国家级,山东,齐单6号,杂交玉米,20
山东鑫丰种业股份有限公司,2018,国家级,山东,齐单128,杂交玉米,25
山东中农天泰种业有限公司,2018,国家级,山东,天泰55号,杂交玉米,17
山东中农天泰种业有限公司,2018,国家级,山东,邦玉339,杂交玉米,18
山东中农天泰种业有限公司,2018,国家级,山东,中绿一号,杂粮杂豆,5
山西诚信种业有限公司,2018,国家级,山西,诚信16号,杂交玉米,12
山西诚信种业有限公司,2018,国家级,山西,诚信5号,杂交玉米,11
山西诚信种业有限公司,2018,国家级,山西,诚信1号,杂交玉米,11
山西诚信种业有限公司,2018,国家级,山西,MC220,杂交玉米,11
山西诚信种业有限公司,2018,国家级,山西,晋豆25号,大豆,5
山西潞玉种业股份有限公司,2018,国家级,山西,潞玉36,杂交玉米,28
山西潞玉种业股份有限公司,2018,国家级,山西,潞玉35,杂交玉米,22
山西潞玉种业股份有限公司,2018,国家级,山西,潞玉39,杂交玉米,20
山西潞玉种业股份有限公司,2018,国家级,山西,晋谷21号,杂粮杂豆,5
陕西大地种业有限公司,2018,国家级,陕西,榆单88,杂交玉米,3
陕西大地种业有限公司,2018,国家级,陕西,陕单609,杂交玉米,4
陕西大地种业有限公司,2018,国家级,陕西,榆单13,杂交玉米,3
陕西大地种业有限公司,2018,国家级,陕西,克新1号（紫花白）,马铃薯,10
陕西大地种业有限公司,2018,国家级,陕西,克新1号（紫花白）,马铃薯,4
陕西大地种业有限公司,2018,国家级,陕西,冀张薯8号,马铃薯,4
陕西大地种业有限公司,2018,国家级,陕西,费乌瑞它,马铃薯,4
陕西大地种业有限公司,2018,国家级,陕西,夏波蒂,马铃薯,3
陕西鸿塬种业有限公司,2018,国家级,陕西,秦优7号,杂交油菜,5
陕西鸿塬种业有限公司,2018,国家级,陕西,秦杂油19,杂交油菜,5
陕西鸿塬种业有限公司,2018,国家级,陕西,秦优33,杂交油菜,5
陕西荣华农业科技有限公司,2018,国家级,陕西,秦优10号,杂交油菜,8
陕西荣华农业科技有限公司,2018,国家级,陕西,沣油737,杂交油菜,7
陕西荣华农业科技有限公司,2018,国家级,陕西,荣华油2号,杂交油菜,8
陕西荣华农业科技有限公司,2018,国家级,陕西,荣华油7号,杂交油菜,7
上海弘辉种业有限公司,2018,国家级,上海,沪香粳106,常规水稻,5
上海弘辉种业有限公司,2018,国家级,上海,花优14,杂交水稻,5
四川国豪种业股份有限公司,2018,国家级,四川,宜香725,杂交水稻,15
四川华丰种业有限公司,2018,国家级,四川,川香优2号,杂交水稻,13
四川华丰种业有限公司,2018,国家级,四川,川优6203,杂交水稻,14
四川华丰种业有限公司,2018,国家级,四川,冈优99,杂交水稻,14
四川华丰种业有限公司,2018,国家级,四川,川香29A,水稻亲本,11
四川华丰种业有限公司,2018,国家级,四川,川106A,水稻亲本,9
四川华丰种业有限公司,2018,国家级,四川,蜀丰6608,杂交油菜,14
四川同路农业科技有限责任公司,2018,国家级,四川,金玉509,杂交玉米,9
四川同路农业科技有限责任公司,2018,国家级,四川,同玉11,杂交玉米,8
四川同路农业科技有限责任公司,2018,国家级,四川,同玉18,杂交玉米,7
四川同路农业科技有限责任公司,2018,国家级,四川,德新油49,杂交油菜,8
四川同路农业科技有限责任公司,2018,国家级,四川,德新油59,杂交油菜,8
四川同路农业科技有限责任公司,2018,国家级,四川,泸糯12号,杂粮杂豆,5
四川西科种业股份有限公,2018,国家级,四川,龙优450,杂交水稻,17
四川西科种业股份有限公,2018,国家级,四川,天龙两优140,杂交水稻,18
仲衍种业股份有限公司,2018,国家级,四川,天优8012,杂交水稻,20
仲衍种业股份有限公司,2018,国家级,四川,冈优900,杂交水稻,20
仲衍种业股份有限公司,2018,国家级,四川,川优6203,杂交水稻,19
仲衍种业股份有限公司,2018,国家级,四川,仲玉3号,杂交玉米,9
仲衍种业股份有限公司,2018,国家级,四川,仲玉998,杂交玉米,10
仲衍种业股份有限公司,2018,国家级,四川,冈46A,水稻亲本,5
仲衍种业股份有限公司,2018,国家级,四川,蓉18A,水稻亲本,4
仲衍种业股份有限公司,2018,国家级,四川,川106A,水稻亲本,4
仲衍种业股份有限公司,2018,国家级,四川,蓉油18,油菜,9
仲衍种业股份有限公司,2018,国家级,四川,丰优1号无须豌豆,杂粮杂豆,5
天津中天大地科技有限公司,2018,国家级,天津,天塔5号,杂交玉米,20
天津中天大地科技有限公司,2018,国家级,天津,津北288,杂交玉米,21
天津中天大地科技有限公司,2018,国家级,天津,天塔一号,杂交玉米,19
天津中天大地科技有限公司,2018,国家级,天津,津原89,常规水稻,6
天津中天大地科技有限公司,2018,国家级,天津,津原E28,常规水稻,6
天津中天大地科技有限公司,2018,国家级,天津,津原11,常规水稻,6
天津中天大地科技有限公司,2018,国家级,天津,津原47,常规水稻,7
新疆华西种业有限公司,2018,国家级,新疆,新玉59号,杂交玉米,50
新疆天玉种业有限责任公司,2018,国家级,新疆,新玉9号,杂交玉米,20
康地种业,2018,国家级,新疆兵团,新玉75,杂交玉米,10
康地种业,2018,国家级,新疆兵团,新玉61,杂交玉米,10
康地种业,2018,国家级,新疆兵团,新玉45,杂交玉米,10
康地种业,2018,国家级,新疆兵团,新引Kws9384,杂交玉米,10
康地种业,2018,国家级,新疆兵团,新引Kws3564,杂交玉米,10
宣威市种子公司,2018,国家级,云南,宣黄单4号,杂交玉米,50
云南楚源种业有限公司,2018,国家级,云南,楚粳28号,杂交水稻,30
浙江勿忘农种业股份有限公司,2018,国家级,浙江,中早39,常规水稻,30
浙江勿忘农种业股份有限公司,2018,国家级,浙江,中嘉早17,常规水稻,20
浙江勿忘农种业股份有限公司,2018,国家级,浙江,秀水519,常规水稻,15
浙江勿忘农种业股份有限公司,2018,国家级,浙江,中浙优8号,杂交水稻,37
浙江勿忘农种业股份有限公司,2018,国家级,浙江,中浙优1号,杂交水稻,32
浙江勿忘农种业股份有限公司,2018,国家级,浙江,中浙优10号,杂交水稻,36
中国种子集团有限公司,2018,国家级,中种集团,粤晶丝苗2号,常规水稻,2
中国种子集团有限公司,2018,国家级,中种集团,粤农丝苗,常规水稻,38
中国种子集团有限公司,2018,国家级,中种集团,WDR48,常规水稻,10
中国种子集团有限公司,2018,国家级,中种集团,五优308,杂交水稻,10
中国种子集团有限公司,2018,国家级,中种集团,五丰优615,杂交水稻,5
中国种子集团有限公司,2018,国家级,中种集团,泰丰优208,杂交水稻,5
中国种子集团有限公司,2018,国家级,中种集团,天优998,杂交水稻,3
中国种子集团有限公司,2018,国家级,中种集团,两优3313,杂交水稻,5
中国种子集团有限公司,2018,国家级,中种集团,广两优16,杂交水稻,5
中国种子集团有限公司,2018,国家级,中种集团,宜香107,杂交水稻,10
中国种子集团有限公司,2018,国家级,中种集团,宜香4245,杂交水稻,20
中国种子集团有限公司,2018,国家级,中种集团,II优629,杂交水稻,3
中国种子集团有限公司,2018,国家级,中种集团,深两优58香油占,杂交水稻,2
中国种子集团有限公司,2018,国家级,中种集团,博II优629,杂交水稻,3
中国种子集团有限公司,2018,国家级,中种集团,博II优767,杂交水稻,2
中国种子集团有限公司,2018,国家级,中种集团,红泰优996,杂交水稻,1
中国种子集团有限公司,2018,国家级,中种集团,特优128,杂交水稻,1
中国种子集团有限公司,2018,国家级,中种集团,Y两优7238,杂交水稻,2
中国种子集团有限公司,2018,国家级,中种集团,深优1618,杂交水稻,1
中国种子集团有限公司,2018,国家级,中种集团,泸优9803,杂交水稻,11
中国种子集团有限公司,2018,国家级,中种集团,泸香优104,杂交水稻,2
中国种子集团有限公司,2018,国家级,中种集团,德优4727,杂交水稻,20
中国种子集团有限公司,2018,国家级,中种集团,旌3优177,杂交水稻,2
中国种子集团有限公司,2018,国家级,中种集团,新引M753,杂交玉米,100
中国种子集团有限公司,2018,国家级,中种集团,迪卡667,杂交玉米,42
中国种子集团有限公司,2018,国家级,中种集团,恩单804,杂交玉米,7
中国种子集团有限公司,2018,国家级,中种集团,天池三号,杂交玉米,6
中国种子集团有限公司,2018,国家级,中种集团,恩单636,杂交玉米,6
中国种子集团有限公司,2018,国家级,中种集团,必胜116,杂交玉米,6
中国种子集团有限公司,2018,国家级,中种集团,必胜3号,杂交玉米,7
中国种子集团有限公司,2018,国家级,中种集团,成单青贮1号,杂交玉米,6
中国种子集团有限公司,2018,国家级,中种集团,N27,玉米亲本,5
中国种子集团有限公司,2018,国家级,中种集团,沪油039,油菜,2
重庆帮豪种业股份有限公司,2018,国家级,重庆,繁优709,杂交水稻,10
重庆帮豪种业股份有限公司,2018,国家级,重庆,繁优609,杂交水稻,10
重庆帮豪种业股份有限公司,2018,国家级,重庆,帮豪玉108,杂交玉米,11
重庆帮豪种业股份有限公司,2018,国家级,重庆,华凯2号,杂交玉米,9
重庆中一种业有限公司,2018,国家级,重庆,Q优1号,杂交水稻,10
重庆中一种业有限公司,2018,国家级,重庆,Q优6号,杂交水稻,10
重庆中一种业有限公司,2018,国家级,重庆,Q优8号,杂交水稻,10
重庆中一种业有限公司,2018,国家级,重庆,Q优28,杂交水稻,10
重庆中一种业有限公司,2018,国家级,重庆,新中玉801,杂交玉米,10
重庆中一种业有限公司,2018,国家级,重庆,Q玉7号,杂交玉米,10
