申请单位,作物名称,用途,申请日期
辽宁东亚农业发展有限公司,白菜,对外制种,2022/1/11
辽宁东亚农业发展有限公司,萝卜,对外制种,2022/1/11
辽宁东亚农业发展有限公司,辣椒,对外制种,2022/1/11
江苏神农大丰种业科技有限公司,稻,大田生产,2022/1/14
安徽荃银种业科技有限公司,玉米,大田生产,2022/2/24
重庆中一种业有限公司,稻,大田生产,2022/3/11
重庆中一种业有限公司,稻,大田生产,2022/3/11
重庆中一种业有限公司,稻,大田生产,2022/3/11
重庆中一种业有限公司,稻,大田生产,2022/3/11
重庆中一种业有限公司,稻,大田生产,2022/3/11
重庆中一种业有限公司,稻,大田生产,2022/3/11
重庆中一种业有限公司,稻,大田生产,2022/3/11
重庆中一种业有限公司,稻,大田生产,2022/3/11
四川金安特农业股份有限公司,稻,大田生产,2022/4/11
沈阳国丰种苗有限公司,胡萝卜,对外制种,2022/4/9
沈阳国丰种苗有限公司,胡萝卜,对外制种,2022/4/9
沈阳国丰种苗有限公司,胡萝卜,对外制种,2022/4/9
沈阳国丰种苗有限公司,胡萝卜,对外制种,2022/4/9
沈阳国丰种苗有限公司,欧芹,对外制种,2022/4/9
沈阳国丰种苗有限公司,欧芹,对外制种,2022/4/9
沈阳国丰种苗有限公司,欧芹,对外制种,2022/4/9
广西万川种业有限公司,稻,试验,2022/4/14
袁氏种业高科技有限公司,稻,大田生产,2022/4/20
北京金农科种子科技有限公司,玉米,大田生产,2022/4/22
安徽昇谷农业科技有限公司,稻,试验,2022/4/24
袁氏种业高科技有限公司,稻,大田生产,2022/4/26
袁氏种业高科技有限公司,稻,大田生产,2022/4/26
北大荒垦丰种业股份有限公司,大豆,试验,2022/4/28
北大荒垦丰种业股份有限公司,豆类,试验,2022/4/28
北大荒垦丰种业股份有限公司,稻,试验,2022/4/27
北大荒垦丰种业股份有限公司,玉米,试验,2022/4/27
广西万川种业有限公司,玉米,大田生产,2022/5/5
广西万川种业有限公司,玉米,大田生产,2022/5/5
广西万川种业有限公司,玉米,大田生产,2022/5/5
广西万川种业有限公司,玉米,大田生产,2022/5/5
袁氏种业高科技有限公司,稻,试验,2022/5/6
安徽荃银种业科技有限公司,稻,大田生产,2022/5/17
安徽荃银种业科技有限公司,稻,大田生产,2022/5/17
安徽荃银种业科技有限公司,稻,大田生产,2022/5/17
安徽荃银种业科技有限公司,稻,大田生产,2022/5/17
安徽荃银种业科技有限公司,稻,大田生产,2022/5/17
安徽荃银种业科技有限公司,稻,大田生产,2022/5/17
安徽华韵生物科技有限公司,玉米,大田生产,2022/5/17
安徽华韵生物科技有限公司,玉米,大田生产,2022/5/17
安徽华韵生物科技有限公司,玉米,大田生产,2022/5/17
贵州筑农科种业有限责任公司,稻,大田生产,2022/5/25
贵州筑农科种业有限责任公司,玉米,大田生产,2022/5/25
广西万川种业有限公司,稻,大田生产,2022/5/27
广西万川种业有限公司,稻,大田生产,2022/5/27
广西万川种业有限公司,稻,大田生产,2022/5/27
广西万川种业有限公司,稻,大田生产,2022/5/27
广西万川种业有限公司,稻,大田生产,2022/5/27
广西万川种业有限公司,稻,大田生产,2022/5/27
安徽荃银种业科技有限公司,稻,大田生产,2022/6/2
安徽荃银种业科技有限公司,稻,大田生产,2022/6/2
安徽荃银种业科技有限公司,稻,大田生产,2022/6/2
安徽荃银种业科技有限公司,稻,大田生产,2022/6/2
科荟种业股份有限公司,稻,大田生产,2022/6/2
科荟种业股份有限公司,稻,大田生产,2022/6/2
科荟种业股份有限公司,稻,大田生产,2022/6/2
科荟种业股份有限公司,稻,大田生产,2022/6/6
科荟种业股份有限公司,稻,大田生产,2022/6/6
科荟种业股份有限公司,稻,大田生产,2022/6/6
酒泉拓源农业有限公司,番茄,对外制种,2022/6/13
酒泉拓源农业有限公司,莴苣,对外制种,2022/6/13
酒泉拓源农业有限公司,黄瓜,对外制种,2022/6/15
酒泉拓源农业有限公司,辣椒,对外制种,2022/6/15
酒泉拓源农业有限公司,菜豆,对外制种,2022/6/13
酒泉拓源农业有限公司,瓜类,对外制种,2022/6/13
酒泉拓源农业有限公司,莴苣,对外制种,2022/6/13
酒泉拓源农业有限公司,番茄,对外制种,2022/6/13
酒泉拓源农业有限公司,茄子,对外制种,2022/6/13
酒泉拓源农业有限公司,莴苣,对外制种,2022/6/13
酒泉拓源农业有限公司,番茄,对外制种,2022/6/13
酒泉拓源农业有限公司,菜豆,对外制种,2022/6/15
酒泉拓源农业有限公司,辣椒,对外制种,2022/6/15
酒泉拓源农业有限公司,番茄,对外制种,2022/6/15
酒泉拓源农业有限公司,瓜类,对外制种,2022/6/15
酒泉拓源农业有限公司,辣椒,对外制种,2022/6/15
酒泉拓源农业有限公司,南瓜,对外制种,2022/6/15
酒泉拓源农业有限公司,茄子,对外制种,2022/6/15
酒泉拓源农业有限公司,莴苣,对外制种,2022/6/13
酒泉拓源农业有限公司,瓜类,对外制种,2022/6/13
酒泉拓源农业有限公司,瓜类,对外制种,2022/6/13
酒泉拓源农业有限公司,甜瓜,对外制种,2022/6/13
酒泉拓源农业有限公司,西瓜,对外制种,2022/6/13
酒泉拓源农业有限公司,番茄,对外制种,2022/6/13
酒泉拓源农业有限公司,瓜类,对外制种,2022/6/13
酒泉拓源农业有限公司,瓜类,对外制种,2022/6/13
酒泉拓源农业有限公司,瓜类,对外制种,2022/6/13
酒泉拓源农业有限公司,辣椒,对外制种,2022/6/13
酒泉拓源农业有限公司,甜瓜,对外制种,2022/6/13
酒泉拓源农业有限公司,西瓜,对外制种,2022/6/13
合肥丰乐种业股份有限公司,稻,大田生产,2022/6/15
合肥丰乐种业股份有限公司,稻,大田生产,2022/6/15
安徽省创富种业有限公司,稻,大田生产,2022/6/22
江苏红旗种业股份有限公司,稻,大田生产,2022/6/21
袁隆平农业高科技股份有限公司,稻,大田生产,2022/6/22
袁隆平农业高科技股份有限公司,稻,大田生产,2022/6/22
袁隆平农业高科技股份有限公司,稻,大田生产,2022/6/22
袁隆平农业高科技股份有限公司,稻,大田生产,2022/6/22
袁隆平农业高科技股份有限公司,稻,大田生产,2022/6/22
袁隆平农业高科技股份有限公司,稻,大田生产,2022/7/6
袁隆平农业高科技股份有限公司,稻,大田生产,2022/7/6
袁隆平农业高科技股份有限公司,稻,大田生产,2022/7/6
袁隆平农业高科技股份有限公司,稻,大田生产,2022/7/6
袁隆平农业高科技股份有限公司,稻,大田生产,2022/7/6
袁隆平农业高科技股份有限公司,稻,大田生产,2022/7/6
广西万川种业有限公司,玉米,试验,2022/7/6
广西万川种业有限公司,玉米,试验,2022/7/6
广西万川种业有限公司,玉米,试验,2022/7/6
广西万川种业有限公司,玉米,试验,2022/7/6
先正达种苗（北京）有限公司,番茄,对外制种,2022/7/12
先正达种苗（北京）有限公司,番茄,对外制种,2022/7/12
先正达种苗（北京）有限公司,番茄,对外制种,2022/7/12
先正达种苗（北京）有限公司,番茄,对外制种,2022/7/12
先正达种苗（北京）有限公司,番茄,对外制种,2022/7/12
先正达种苗（北京）有限公司,番茄,对外制种,2022/7/12
安徽荃银种业科技有限公司,稻,大田生产,2022/7/13
安徽荃银种业科技有限公司,稻,大田生产,2022/7/13
安徽荃银种业科技有限公司,稻,大田生产,2022/7/13
安徽荃银种业科技有限公司,稻,大田生产,2022/7/13
安徽荃银种业科技有限公司,稻,大田生产,2022/7/13
安徽荃银种业科技有限公司,稻,大田生产,2022/7/13
安徽荃银种业科技有限公司,稻,大田生产,2022/7/13
安徽荃银种业科技有限公司,稻,大田生产,2022/7/13
安徽荃银种业科技有限公司,稻,大田生产,2022/7/13
安徽荃银种业科技有限公司,稻,大田生产,2022/7/13
安徽荃银种业科技有限公司,稻,大田生产,2022/7/13
安徽荃银种业科技有限公司,稻,大田生产,2022/7/13
安徽荃银种业科技有限公司,稻,大田生产,2022/7/13
安徽荃银种业科技有限公司,稻,大田生产,2022/7/13
安徽荃银种业科技有限公司,稻,大田生产,2022/7/13
安徽荃银种业科技有限公司,稻,大田生产,2022/7/13
袁氏种业高科技有限公司,稻,试验,2022/7/18
袁氏种业高科技有限公司,稻,试验,2022/7/18
袁氏种业高科技有限公司,稻,大田生产,2022/7/18
袁氏种业高科技有限公司,稻,大田生产,2022/7/19
袁氏种业高科技有限公司,稻,大田生产,2022/7/19
袁氏种业高科技有限公司,稻,大田生产,2022/7/19
袁氏种业高科技有限公司,稻,大田生产,2022/7/20
袁氏种业高科技有限公司,稻,大田生产,2022/7/20
四川泰谷农业科技有限公司,稻,大田生产,2022/7/26
四川禾嘉种业有限公司,稻,大田生产,2022/7/27
四川禾嘉种业有限公司,稻,大田生产,2022/7/27
江苏金华隆种子科技有限公司,玉米,大田生产,2022/7/29
江苏金华隆种子科技有限公司,玉米,大田生产,2022/7/29
江苏金华隆种子科技有限公司,玉米,大田生产,2022/7/29
江苏金华隆种子科技有限公司,玉米,大田生产,2022/7/29
江苏金华隆种子科技有限公司,玉米,大田生产,2022/7/29
江苏金华隆种子科技有限公司,玉米,大田生产,2022/7/29
江苏金华隆种子科技有限公司,玉米,大田生产,2022/7/29
江苏金华隆种子科技有限公司,玉米,大田生产,2022/7/29
江苏金华隆种子科技有限公司,玉米,大田生产,2022/7/29
江苏金华隆种子科技有限公司,玉米,大田生产,2022/7/29
江苏金华隆种子科技有限公司,玉米,大田生产,2022/7/29
江苏金华隆种子科技有限公司,玉米,大田生产,2022/7/29
袁氏种业高科技有限公司,稻,大田生产,2022/7/29
袁氏种业高科技有限公司,稻,大田生产,2022/7/29
袁氏种业高科技有限公司,稻,大田生产,2022/8/3
袁氏种业高科技有限公司,稻,大田生产,2022/8/4
科荟种业股份有限公司,稻,大田生产,2022/8/5
科荟种业股份有限公司,稻,大田生产,2022/8/5
科荟种业股份有限公司,稻,大田生产,2022/8/8
科荟种业股份有限公司,稻,大田生产,2022/8/8
湖北荃银高科种业有限公司,稻,大田生产,2022/8/12
湖北荃银高科种业有限公司,稻,大田生产,2022/8/12
湖北荃银高科种业有限公司,稻,大田生产,2022/8/12
北大荒垦丰种业股份有限公司,玉米,试验,2022/8/18
北大荒垦丰种业股份有限公司,玉米,试验,2022/8/18
北大荒垦丰种业股份有限公司,玉米,试验,2022/8/18
酒泉东方种子有限公司,瓜类,对外制种,2022/8/20
酒泉东方种子有限公司,南瓜,对外制种,2022/8/20
酒泉东方种子有限公司,莴苣,对外制种,2022/8/20
酒泉东方种子有限公司,西瓜,对外制种,2022/8/20
袁氏种业高科技有限公司,稻,大田生产,2022/8/30
袁氏种业高科技有限公司,稻,大田生产,2022/8/30
袁氏种业高科技有限公司,稻,大田生产,2022/8/30
广西万川种业有限公司,菜心,大田生产,2022/8/31
广西万川种业有限公司,菜心,大田生产,2022/8/31
广西万川种业有限公司,豇豆,大田生产,2022/8/31
广西万川种业有限公司,芥菜,大田生产,2022/8/31
广西万川种业有限公司,萝卜,大田生产,2022/8/31
广西万川种业有限公司,青梗白菜,大田生产,2022/8/31
广西万川种业有限公司,生菜,大田生产,2022/8/31
袁氏种业高科技有限公司,稻,大田生产,2022/8/31
袁氏种业高科技有限公司,稻,大田生产,2022/9/6
四川禾嘉种业有限公司,稻,大田生产,2022/9/7
四川禾嘉种业有限公司,稻,大田生产,2022/9/7
四川禾嘉种业有限公司,稻,大田生产,2022/9/7
四川禾嘉种业有限公司,稻,大田生产,2022/9/7
四川禾嘉种业有限公司,稻,大田生产,2022/9/7
四川禾嘉种业有限公司,稻,大田生产,2022/9/7
四川禾嘉种业有限公司,稻,大田生产,2022/9/7
四川禾嘉种业有限公司,稻,大田生产,2022/9/7
四川禾嘉种业有限公司,稻,大田生产,2022/9/7
四川禾嘉种业有限公司,稻,大田生产,2022/9/7
四川禾嘉种业有限公司,稻,大田生产,2022/9/7
四川禾嘉种业有限公司,稻,大田生产,2022/9/7
四川禾嘉种业有限公司,稻,大田生产,2022/9/7
四川禾嘉种业有限公司,稻,大田生产,2022/9/7
四川禾嘉种业有限公司,稻,大田生产,2022/9/7
四川禾嘉种业有限公司,稻,大田生产,2022/9/7
四川禾嘉种业有限公司,稻,大田生产,2022/9/7
广东金作农业科技有限公司,稻,试验,2022/9/8
广东金作农业科技有限公司,稻,试验,2022/9/8
北京双硕种子有限公司,辣椒,对外制种,2022/9/8
北京双硕种子有限公司,辣椒,对外制种,2022/9/8
北京双硕种子有限公司,茄子,对外制种,2022/9/8
北京双硕种子有限公司,瓜类,对外制种,2022/9/8
北京双硕种子有限公司,瓜类,对外制种,2022/9/8
北京双硕种子有限公司,瓜类,对外制种,2022/9/8
北京双硕种子有限公司,南瓜,对外制种,2022/9/8
北京双硕种子有限公司,笋瓜,对外制种,2022/9/8
北京双硕种子有限公司,甜瓜,对外制种,2022/9/8
北京双硕种子有限公司,番茄,对外制种,2022/9/8
北京双硕种子有限公司,辣椒,对外制种,2022/9/8
北京双硕种子有限公司,毛酸浆,对外制种,2022/9/8
北京双硕种子有限公司,辣椒,对外制种,2022/9/8
北京双硕种子有限公司,笋瓜,对外制种,2022/9/8
北京双硕种子有限公司,瓜类,对外制种,2022/9/8
北京双硕种子有限公司,瓜类,对外制种,2022/9/8
北京双硕种子有限公司,甜瓜,对外制种,2022/9/8
北京双硕种子有限公司,番茄,对外制种,2022/9/8
北京双硕种子有限公司,瓜类,对外制种,2022/9/8
北京双硕种子有限公司,瓜类,对外制种,2022/9/8
北京双硕种子有限公司,辣椒,对外制种,2022/9/8
北京双硕种子有限公司,南瓜,对外制种,2022/9/8
北京双硕种子有限公司,茄子,对外制种,2022/9/8
北京双硕种子有限公司,生菜,对外制种,2022/9/8
北京双硕种子有限公司,西瓜,对外制种,2022/9/8
北京双硕种子有限公司,番茄,对外制种,2022/9/8
北京双硕种子有限公司,黄瓜,对外制种,2022/9/8
北京双硕种子有限公司,辣椒,对外制种,2022/9/8
北京双硕种子有限公司,茄子,对外制种,2022/9/8
北京双硕种子有限公司,生菜,对外制种,2022/9/8
北京双硕种子有限公司,甜椒,对外制种,2022/9/8
北京双硕种子有限公司,黄瓜,对外制种,2022/9/8
酒泉同禾顺农业开发有限公司,瓜类,对外制种,2022/9/13
酒泉同禾顺农业开发有限公司,茄子,对外制种,2022/9/13
金塔县农生种业有限公司,阿米芹,对外制种,2022/9/15
金塔县农生种业有限公司,福禄考 ,对外制种,2022/9/15
金塔县农生种业有限公司,金鱼草,对外制种,2022/9/15
金塔县农生种业有限公司,美女樱,对外制种,2022/9/15
酒泉市盛大农业有限责任公司,菜豆,对外制种,2022/9/22
酒泉市盛大农业有限责任公司,莴苣,对外制种,2022/9/22
酒泉东方种子有限公司,菜豆,对外制种,2022/9/16
酒泉东方种子有限公司,菜心,对外制种,2022/9/16
酒泉东方种子有限公司,大白菜,对外制种,2022/9/16
酒泉东方种子有限公司,番茄,对外制种,2022/9/16
酒泉东方种子有限公司,甘蓝,对外制种,2022/9/16
酒泉东方种子有限公司,芥蓝,对外制种,2022/9/16
酒泉东方种子有限公司,南瓜,对外制种,2022/9/16
酒泉东方种子有限公司,莴苣,对外制种,2022/9/16
酒泉东方种子有限公司,菠菜,对外制种,2022/9/16
酒泉市赛诺农业有限公司,百日草,对外制种,2022/9/22
酒泉市赛诺农业有限公司,翠菊 ,对外制种,2022/9/22
酒泉市赛诺农业有限公司,瓜类,对外制种,2022/9/22
酒泉市赛诺农业有限公司,金盏菊,对外制种,2022/9/22
酒泉市赛诺农业有限公司,茄子,对外制种,2022/9/22
酒泉市赛诺农业有限公司,矢车菊,对外制种,2022/9/22
袁氏种业高科技有限公司,稻,大田生产,2022/9/23
袁氏种业高科技有限公司,稻,大田生产,2022/9/23
袁氏种业高科技有限公司,稻,大田生产,2022/9/23
袁氏种业高科技有限公司,稻,大田生产,2022/9/23
袁氏种业高科技有限公司,稻,大田生产,2022/9/23
北大荒垦丰种业股份有限公司,麦类种子,试验,2022/9/27
北大荒垦丰种业股份有限公司,小麦,试验,2022/9/27
酒泉东方种子有限公司,春黄菊,对外制种,2022/9/30
酒泉东方种子有限公司,翠菊 ,对外制种,2022/9/30
酒泉东方种子有限公司,锯草,对外制种,2022/9/30
酒泉东方种子有限公司,琉璃繁缕,对外制种,2022/9/30
酒泉东方种子有限公司,耧斗菜,对外制种,2022/9/30
酒泉东方种子有限公司,蜀葵,对外制种,2022/9/30
酒泉东方种子有限公司,苋菜,对外制种,2022/9/30
酒泉东方种子有限公司,榆钱菠菜,对外制种,2022/9/30
酒泉东方种子有限公司,菠菜,对外制种,2022/10/8
酒泉东方种子有限公司,甜椒,对外制种,2022/10/8
酒泉东方种子有限公司,菜豆,对外制种,2022/10/8
酒泉东方种子有限公司,番茄,对外制种,2022/10/8
酒泉东方种子有限公司,莴苣,对外制种,2022/10/8
酒泉东方种子有限公司,百日草,对外制种,2022/10/8
酒泉东方种子有限公司,大丽花,对外制种,2022/10/8
酒泉东方种子有限公司,观赏黄瓜,对外制种,2022/10/8
酒泉东方种子有限公司,蓝花车叶草,对外制种,2022/10/8
酒泉东方种子有限公司,牵牛花 ,对外制种,2022/10/8
酒泉东方种子有限公司,绒樱菊,对外制种,2022/10/8
酒泉东方种子有限公司,紫茉莉,对外制种,2022/10/8
酒泉东方种子有限公司,瓜类,对外制种,2022/10/8
酒泉东方种子有限公司,芥蓝,对外制种,2022/10/8
酒泉东方种子有限公司,韭菜,对外制种,2022/10/8
酒泉东方种子有限公司,南瓜,对外制种,2022/10/8
酒泉东方种子有限公司,甜瓜,对外制种,2022/10/8
酒泉东方种子有限公司,莴苣,对外制种,2022/10/8
武汉佳禾生物科技有限责任公司,稻,大田生产,2022/10/9
北大荒垦丰种业股份有限公司,麦类种子,试验,2022/10/10
北大荒垦丰种业股份有限公司,小麦,试验,2022/10/10
仲衍种业股份有限公司,稻,大田生产,2022/10/10
仲衍种业股份有限公司,稻,大田生产,2022/10/10
仲衍种业股份有限公司,稻,大田生产,2022/10/10
仲衍种业股份有限公司,玉米,大田生产,2022/10/10
仲衍种业股份有限公司,稻,大田生产,2022/10/10
仲衍种业股份有限公司,稻,大田生产,2022/10/10
仲衍种业股份有限公司,稻,大田生产,2022/10/10
广东金作农业科技有限公司,玉米,大田生产,2022/10/10
广东金作农业科技有限公司,玉米,大田生产,2022/10/10
仲衍种业股份有限公司,稻,大田生产,2022/10/10
仲衍种业股份有限公司,稻,0,2022/10/10
仲衍种业股份有限公司,稻,大田生产,2022/10/10
武汉国英种业有限责任公司,稻,大田生产,2022/10/11
纽内姆（北京）种子有限公司,番茄,对外制种,2022/10/11
纽内姆（北京）种子有限公司,瓜类,对外制种,2022/10/11
纽内姆（北京）种子有限公司,瓜类,对外制种,2022/10/11
纽内姆（北京）种子有限公司,瓜类,对外制种,2022/10/11
纽内姆（北京）种子有限公司,黄瓜,对外制种,2022/10/11
纽内姆（北京）种子有限公司,辣椒,对外制种,2022/10/11
纽内姆（北京）种子有限公司,甜瓜,对外制种,2022/10/11
纽内姆（北京）种子有限公司,西瓜,对外制种,2022/10/11
纽内姆（北京）种子有限公司,番茄,对外制种,2022/10/11
纽内姆（北京）种子有限公司,辣椒,对外制种,2022/10/11
北大荒垦丰种业股份有限公司,稻,试验,2022/10/12
北大荒垦丰种业股份有限公司,油菜,试验,2022/10/12
北大荒垦丰种业股份有限公司,油菜,试验,2022/10/12
广西万川种业有限公司,玉米,大田生产,2022/10/13
广西万川种业有限公司,玉米,大田生产,2022/10/13
广西万川种业有限公司,玉米,大田生产,2022/10/13
广西万川种业有限公司,玉米,大田生产,2022/10/13
酒泉东方种子有限公司,白花紫露草,对外制种,2022/10/21
酒泉东方种子有限公司,百日草,对外制种,2022/10/21
酒泉东方种子有限公司,斑鸠菊,对外制种,2022/10/21
酒泉东方种子有限公司,黑心菊,对外制种,2022/10/21
酒泉东方种子有限公司,美女樱,对外制种,2022/10/21
酒泉东方种子有限公司,钻叶紫菀,对外制种,2022/10/21
安徽荃银高科种业股份有限公司,稻,大田生产,2022/10/21
安徽荃银高科种业股份有限公司,玉米,大田生产,2022/10/21
安徽荃银种业科技有限公司,玉米,大田生产,2022/10/21
安徽荃银种业科技有限公司,稻,大田生产,2022/10/24
安徽荃银种业科技有限公司,稻,大田生产,2022/10/24
袁隆平农业高科技股份有限公司,稻,大田生产,2022/10/27
袁隆平农业高科技股份有限公司,稻,大田生产,2022/10/27
袁隆平农业高科技股份有限公司,稻,大田生产,2022/10/27
袁隆平农业高科技股份有限公司,稻,大田生产,2022/10/27
袁隆平农业高科技股份有限公司,稻,大田生产,2022/10/27
袁隆平农业高科技股份有限公司,稻,大田生产,2022/10/27
仲衍种业股份有限公司,稻,大田生产,2022/10/27
武汉衍升农业科技有限公司,稻,大田生产,2022/10/27
安徽隆平高科（新桥）种业有限公司,稻,大田生产,2022/10/28
安徽隆平高科（新桥）种业有限公司,玉米,大田生产,2022/10/28
袁隆平农业高科技股份有限公司,稻,大田生产,2022/10/31
袁隆平农业高科技股份有限公司,稻,大田生产,2022/10/31
袁隆平农业高科技股份有限公司,稻,大田生产,2022/10/31
袁隆平农业高科技股份有限公司,稻,大田生产,2022/10/31
袁隆平农业高科技股份有限公司,稻,大田生产,2022/10/31
袁隆平农业高科技股份有限公司,稻,大田生产,2022/10/31
袁隆平农业高科技股份有限公司,稻,大田生产,2022/10/31
袁隆平农业高科技股份有限公司,稻,大田生产,2022/10/31
袁隆平农业高科技股份有限公司,稻,大田生产,2022/10/31
袁隆平农业高科技股份有限公司,稻,大田生产,2022/10/31
袁隆平农业高科技股份有限公司,稻,大田生产,2022/10/31
袁隆平农业高科技股份有限公司,稻,大田生产,2022/10/31
袁隆平农业高科技股份有限公司,稻,大田生产,2022/10/31
袁隆平农业高科技股份有限公司,稻,大田生产,2022/10/31
袁隆平农业高科技股份有限公司,稻,大田生产,2022/10/31
安徽省创富种业有限公司,稻,大田生产,2022/11/1
四川川种种业有限责任公司,稻,大田生产,2022/11/2
四川川种种业有限责任公司,稻,大田生产,2022/11/2
四川川种种业有限责任公司,稻,大田生产,2022/11/2
湖北省种子集团有限公司,稻,大田生产,2022/11/2
湖北省种子集团有限公司,稻,大田生产,2022/11/2
湖北省种子集团有限公司,玉米,大田生产,2022/11/2
湖北省种子集团有限公司,稻,大田生产,2022/11/2
湖北省种子集团有限公司,稻,0,2022/11/2
合肥丰乐种业股份有限公司,稻,大田生产,2022/11/4
合肥丰乐种业股份有限公司,稻,大田生产,2022/11/4
江苏红旗种业股份有限公司,稻,大田生产,2022/11/8
北大荒垦丰种业股份有限公司,大豆,试验,2022/11/9
北大荒垦丰种业股份有限公司,豆类,试验,2022/11/9
安徽荃银种业科技有限公司,稻,大田生产,2022/11/10
安徽荃银种业科技有限公司,稻,大田生产,2022/11/10
安徽荃银种业科技有限公司,稻,大田生产,2022/11/10
安徽丰大种业股份有限公司,稻,大田生产,2022/11/14
安徽丰大种业股份有限公司,稻,大田生产,2022/11/14
安徽荃银种业科技有限公司,稻,大田生产,2022/11/15
安徽荃银种业科技有限公司,稻,大田生产,2022/11/15
安徽荃银种业科技有限公司,稻,大田生产,2022/11/15
安徽荃银种业科技有限公司,稻,大田生产,2022/11/15
安徽荃银种业科技有限公司,稻,大田生产,2022/11/15
酒泉东方种子有限公司,翠菊 ,对外制种,2022/11/17
酒泉东方种子有限公司,荷兰芹,对外制种,2022/11/17
酒泉东方种子有限公司,胡萝卜,对外制种,2022/11/17
酒泉东方种子有限公司,鸡冠花,对外制种,2022/11/17
酒泉东方种子有限公司,琉璃飞燕草,对外制种,2022/11/17
酒泉东方种子有限公司,麦秆菊,对外制种,2022/11/17
酒泉东方种子有限公司,苋菜,对外制种,2022/11/17
酒泉东方种子有限公司,向日葵,对外制种,2022/11/17
酒泉东方种子有限公司,独行菜,对外制种,2022/11/17
酒泉东方种子有限公司,狗尾草,对外制种,2022/11/17
酒泉东方种子有限公司,黑种草,对外制种,2022/11/17
酒泉东方种子有限公司,金槌花,对外制种,2022/11/17
酒泉东方种子有限公司,狼尾草,对外制种,2022/11/17
酒泉东方种子有限公司,沙蓝刺头,对外制种,2022/11/17
酒泉东方种子有限公司,兔尾草,对外制种,2022/11/17
四川金安特农业股份有限公司,稻,大田生产,2022/11/23
江苏明天种业科技股份有限公司,稻,大田生产,2022/11/23
江苏明天种业科技股份有限公司,稻,大田生产,2022/11/24
北大荒垦丰种业股份有限公司,玉米,试验,2022/11/27
北大荒垦丰种业股份有限公司,玉米,试验,2022/11/27
袁氏种业高科技有限公司,稻,试验,2022/11/28
合肥市合丰种业有限公司,玉米,大田生产,2022/11/29
合肥市合丰种业有限公司,稻,大田生产,2022/11/29
沈阳国丰种苗有限公司,甜椒,对外制种,2022/11/29
沈阳国丰种苗有限公司,甜椒,对外制种,2022/11/29
沈阳国丰种苗有限公司,甜椒,对外制种,2022/11/29
沈阳国丰种苗有限公司,甜椒,对外制种,2022/11/29
沈阳国丰种苗有限公司,甜椒,对外制种,2022/11/29
沈阳国丰种苗有限公司,甜椒,对外制种,2022/11/29
沈阳国丰种苗有限公司,甜椒,对外制种,2022/11/29
沈阳国丰种苗有限公司,甜椒,对外制种,2022/11/29
沈阳国丰种苗有限公司,番茄,对外制种,2022/11/29
沈阳国丰种苗有限公司,番茄,对外制种,2022/11/29
沈阳国丰种苗有限公司,番茄,对外制种,2022/11/29
沈阳国丰种苗有限公司,辣椒,对外制种,2022/11/29
沈阳国丰种苗有限公司,辣椒,对外制种,2022/11/29
沈阳国丰种苗有限公司,辣椒,对外制种,2022/11/29
沈阳国丰种苗有限公司,甜椒,对外制种,2022/11/29
沈阳国丰种苗有限公司,甜椒,对外制种,2022/11/29
沈阳国丰种苗有限公司,番茄,对外制种,2022/11/29
沈阳国丰种苗有限公司,番茄,对外制种,2022/11/29
沈阳国丰种苗有限公司,番茄,对外制种,2022/11/29
沈阳国丰种苗有限公司,番茄,对外制种,2022/11/29
沈阳国丰种苗有限公司,番茄,对外制种,2022/11/29
沈阳国丰种苗有限公司,番茄,对外制种,2022/11/29
沈阳国丰种苗有限公司,番茄,对外制种,2022/11/29
沈阳国丰种苗有限公司,番茄,对外制种,2022/11/29
沈阳国丰种苗有限公司,番茄,对外制种,2022/11/29
沈阳国丰种苗有限公司,番茄,对外制种,2022/11/29
沈阳国丰种苗有限公司,番茄,对外制种,2022/11/29
沈阳国丰种苗有限公司,番茄,对外制种,2022/11/29
沈阳国丰种苗有限公司,番茄,对外制种,2022/11/29
沈阳国丰种苗有限公司,番茄,对外制种,2022/11/29
沈阳国丰种苗有限公司,番茄,对外制种,2022/11/29
沈阳国丰种苗有限公司,番茄,对外制种,2022/11/29
沈阳国丰种苗有限公司,番茄,对外制种,2022/11/29
北京金农科种子科技有限公司,大田玉米,大田生产,2023/1/3
北京金农科种子科技有限公司,玉米,大田生产,2023/1/3
安徽国豪农业科技有限公司,稻,大田生产,2023/1/3
广西万川种业有限公司,稻,试验,2023/1/12
广西万川种业有限公司,稻,试验,2023/1/12
广西万川种业有限公司,稻,试验,2023/1/12
广西万川种业有限公司,杂交稻,试验,2023/1/12
广西万川种业有限公司,杂交稻,试验,2023/1/12
广西万川种业有限公司,杂交稻,试验,2023/1/12
重庆中一种业有限公司,稻,大田生产,2023/2/6
重庆中一种业有限公司,杂交稻,大田生产,2023/2/6
北大荒垦丰种业股份有限公司,大田玉米,试验,2023/1/13
北大荒垦丰种业股份有限公司,大田玉米,试验,2023/1/13
北大荒垦丰种业股份有限公司,大田玉米,试验,2023/1/13
北大荒垦丰种业股份有限公司,大田玉米,试验,2023/1/13
北大荒垦丰种业股份有限公司,玉米,试验,2023/1/13
北大荒垦丰种业股份有限公司,玉米,试验,2023/1/13
北大荒垦丰种业股份有限公司,玉米,试验,2023/1/13
北大荒垦丰种业股份有限公司,玉米,试验,2023/1/13
袁隆平农业高科技股份有限公司,稻,大田生产,2023/1/17
袁隆平农业高科技股份有限公司,杂交稻,大田生产,2023/1/17
辽宁东亚农业发展有限公司,萝卜,对外制种,2023/2/3
辽宁东亚农业发展有限公司,萝卜,对外制种,2023/2/7
辽宁东亚农业发展有限公司,莴苣,对外制种,2023/2/7
袁隆平农业高科技股份有限公司,稻,大田生产,2023/2/10
袁隆平农业高科技股份有限公司,杂交稻,大田生产,2023/2/10
广东金作农业科技有限公司,糯玉米,大田生产,2023/2/27
广东金作农业科技有限公司,糯玉米,大田生产,2023/2/27
广东金作农业科技有限公司,玉米,大田生产,2023/2/27
广东金作农业科技有限公司,玉米,大田生产,2023/2/27
北大荒垦丰种业股份有限公司,大豆,试验,2023/2/20
北大荒垦丰种业股份有限公司,豆类,试验,2023/2/20
袁氏种业高科技有限公司,稻,大田生产,2023/2/22
袁氏种业高科技有限公司,杂交稻,大田生产,2023/2/22
安徽省创富种业有限公司,稻,大田生产,2023/3/1
安徽省创富种业有限公司,稻,大田生产,2023/3/1
安徽省创富种业有限公司,水稻亲本,大田生产,2023/3/1
安徽省创富种业有限公司,杂交稻,大田生产,2023/3/1
盈江县原种场种业有限公司,常规稻,大田生产,2023/3/3
盈江县原种场种业有限公司,常规稻,大田生产,2023/3/3
盈江县原种场种业有限公司,常规稻,大田生产,2023/3/3
盈江县原种场种业有限公司,稻,大田生产,2023/3/3
盈江县原种场种业有限公司,稻,大田生产,2023/3/3
盈江县原种场种业有限公司,稻,大田生产,2023/3/3
辽宁东亚农业发展有限公司,南瓜,对外制种,2023/3/7
辽宁东亚农业发展有限公司,黄瓜,对外制种,2023/3/8
北大荒垦丰种业股份有限公司,大豆,试验,2023/3/8
北大荒垦丰种业股份有限公司,大豆,试验,2023/3/8
北大荒垦丰种业股份有限公司,大豆,试验,2023/3/8
北大荒垦丰种业股份有限公司,大豆,试验,2023/3/8
北大荒垦丰种业股份有限公司,大豆,试验,2023/3/8
北大荒垦丰种业股份有限公司,大豆,试验,2023/3/8
北大荒垦丰种业股份有限公司,豆类,试验,2023/3/8
北大荒垦丰种业股份有限公司,豆类,试验,2023/3/8
北大荒垦丰种业股份有限公司,豆类,试验,2023/3/8
北大荒垦丰种业股份有限公司,豆类,试验,2023/3/8
北大荒垦丰种业股份有限公司,豆类,试验,2023/3/8
北大荒垦丰种业股份有限公司,豆类,试验,2023/3/8
北大荒垦丰种业股份有限公司,常规稻,试验,2023/3/8
北大荒垦丰种业股份有限公司,常规稻,试验,2023/3/8
北大荒垦丰种业股份有限公司,常规稻,试验,2023/3/8
北大荒垦丰种业股份有限公司,常规稻,试验,2023/3/8
北大荒垦丰种业股份有限公司,常规稻,试验,2023/3/8
北大荒垦丰种业股份有限公司,稻,试验,2023/3/8
北大荒垦丰种业股份有限公司,稻,试验,2023/3/8
北大荒垦丰种业股份有限公司,稻,试验,2023/3/8
北大荒垦丰种业股份有限公司,稻,试验,2023/3/8
北大荒垦丰种业股份有限公司,稻,试验,2023/3/8
北大荒垦丰种业股份有限公司,大田玉米,试验,2023/3/8
北大荒垦丰种业股份有限公司,大田玉米,试验,2023/3/8
北大荒垦丰种业股份有限公司,大田玉米,试验,2023/3/8
北大荒垦丰种业股份有限公司,玉米,试验,2023/3/8
北大荒垦丰种业股份有限公司,玉米,试验,2023/3/8
北大荒垦丰种业股份有限公司,玉米,试验,2023/3/8
北大荒垦丰种业股份有限公司,大田玉米,试验,2023/3/8
北大荒垦丰种业股份有限公司,玉米,试验,2023/3/8
合肥市合丰种业有限公司,大田玉米,大田生产,2023/3/9
合肥市合丰种业有限公司,玉米,大田生产,2023/3/9
宁夏贝芮安种子有限公司,番茄,对外制种,2023/3/15
宁夏贝芮安种子有限公司,辣椒,对外制种,2023/3/15
武汉佳禾生物科技有限责任公司,棉花,大田生产,2023/3/10
武汉佳禾生物科技有限责任公司,棉花,大田生产,2023/3/10
武汉佳禾生物科技有限责任公司,棉花种子,大田生产,2023/3/10
武汉佳禾生物科技有限责任公司,棉花种子,大田生产,2023/3/10
安徽荃银种业科技有限公司,稻,大田生产,2023/3/14
安徽荃银种业科技有限公司,稻,大田生产,2023/3/14
安徽荃银种业科技有限公司,稻,大田生产,2023/3/14
安徽荃银种业科技有限公司,稻,大田生产,2023/3/14
安徽荃银种业科技有限公司,稻,大田生产,2023/3/14
安徽荃银种业科技有限公司,稻,大田生产,2023/3/14
安徽荃银种业科技有限公司,水稻亲本,大田生产,2023/3/14
安徽荃银种业科技有限公司,水稻亲本,大田生产,2023/3/14
安徽荃银种业科技有限公司,水稻亲本,大田生产,2023/3/14
安徽荃银种业科技有限公司,水稻亲本,大田生产,2023/3/14
安徽荃银种业科技有限公司,水稻亲本,大田生产,2023/3/14
安徽荃银种业科技有限公司,水稻亲本,大田生产,2023/3/14
袁氏种业高科技有限公司,稻,试验,2023/3/15
袁氏种业高科技有限公司,稻,试验,2023/3/15
袁氏种业高科技有限公司,稻,试验,2023/3/15
袁氏种业高科技有限公司,稻,试验,2023/3/15
袁氏种业高科技有限公司,杂交稻,试验,2023/3/15
袁氏种业高科技有限公司,杂交稻,试验,2023/3/15
袁氏种业高科技有限公司,杂交稻,试验,2023/3/15
袁氏种业高科技有限公司,杂交稻,试验,2023/3/15
北大荒垦丰种业股份有限公司,大豆,试验,2023/3/21
北大荒垦丰种业股份有限公司,大豆,试验,2023/3/21
北大荒垦丰种业股份有限公司,大豆,试验,2023/3/21
北大荒垦丰种业股份有限公司,大豆,试验,2023/3/21
北大荒垦丰种业股份有限公司,豆类,试验,2023/3/21
北大荒垦丰种业股份有限公司,豆类,试验,2023/3/21
北大荒垦丰种业股份有限公司,豆类,试验,2023/3/21
北大荒垦丰种业股份有限公司,豆类,试验,2023/3/21
北大荒垦丰种业股份有限公司,大田玉米,试验,2023/3/21
北大荒垦丰种业股份有限公司,大田玉米,试验,2023/3/21
北大荒垦丰种业股份有限公司,大田玉米,试验,2023/3/21
北大荒垦丰种业股份有限公司,玉米,试验,2023/3/21
北大荒垦丰种业股份有限公司,玉米,试验,2023/3/21
北大荒垦丰种业股份有限公司,玉米,试验,2023/3/21
北大荒垦丰种业股份有限公司,常规稻,试验,2023/3/21
北大荒垦丰种业股份有限公司,稻,试验,2023/3/21
宁夏贝芮安种子有限公司,番茄,对外制种,2023/3/22
宁夏贝芮安种子有限公司,辣椒,对外制种,2023/3/22
仲衍种业股份有限公司,稻,大田生产,2023/4/12
仲衍种业股份有限公司,稻,大田生产,2023/4/12
仲衍种业股份有限公司,稻,大田生产,2023/4/12
仲衍种业股份有限公司,杂交稻,大田生产,2023/4/12
仲衍种业股份有限公司,杂交稻,大田生产,2023/4/12
仲衍种业股份有限公司,杂交稻,大田生产,2023/4/12
仲衍种业股份有限公司,大田玉米,大田生产,2023/4/12
仲衍种业股份有限公司,玉米,大田生产,2023/4/12
袁氏种业高科技有限公司,稻,大田生产,2023/4/12
袁氏种业高科技有限公司,稻,大田生产,2023/4/12
袁氏种业高科技有限公司,稻,大田生产,2023/4/12
袁氏种业高科技有限公司,杂交稻,大田生产,2023/4/12
袁氏种业高科技有限公司,杂交稻,大田生产,2023/4/12
袁氏种业高科技有限公司,杂交稻,大田生产,2023/4/12
四川禾嘉种业有限公司,稻,大田生产,2023/4/19
四川禾嘉种业有限公司,杂交稻,大田生产,2023/4/19
袁氏种业高科技有限公司,稻,试验,2023/4/21
袁氏种业高科技有限公司,杂交稻,试验,2023/4/21
袁氏种业高科技有限公司,稻,试验,2023/4/21
袁氏种业高科技有限公司,稻,试验,2023/4/21
袁氏种业高科技有限公司,稻,试验,2023/4/21
袁氏种业高科技有限公司,稻,试验,2023/4/21
袁氏种业高科技有限公司,稻,试验,2023/4/21
袁氏种业高科技有限公司,稻,试验,2023/4/21
袁氏种业高科技有限公司,稻,试验,2023/4/21
袁氏种业高科技有限公司,杂交稻,试验,2023/4/21
袁氏种业高科技有限公司,杂交稻,试验,2023/4/21
袁氏种业高科技有限公司,杂交稻,试验,2023/4/21
袁氏种业高科技有限公司,杂交稻,试验,2023/4/21
袁氏种业高科技有限公司,杂交稻,试验,2023/4/21
袁氏种业高科技有限公司,杂交稻,试验,2023/4/21
袁氏种业高科技有限公司,杂交稻,试验,2023/4/21
北大荒垦丰种业股份有限公司,大田玉米,试验,2023/4/23
北大荒垦丰种业股份有限公司,大田玉米,试验,2023/4/23
北大荒垦丰种业股份有限公司,大田玉米,试验,2023/4/23
北大荒垦丰种业股份有限公司,大田玉米,试验,2023/4/23
北大荒垦丰种业股份有限公司,大田玉米,试验,2023/4/23
北大荒垦丰种业股份有限公司,玉米,试验,2023/4/23
北大荒垦丰种业股份有限公司,玉米,试验,2023/4/23
北大荒垦丰种业股份有限公司,玉米,试验,2023/4/23
北大荒垦丰种业股份有限公司,玉米,试验,2023/4/23
北大荒垦丰种业股份有限公司,玉米,试验,2023/4/23
北大荒垦丰种业股份有限公司,大豆,试验,2023/4/24
北大荒垦丰种业股份有限公司,豆类,试验,2023/4/24
合肥丰乐种业股份有限公司,稻,大田生产,2023/4/25
合肥丰乐种业股份有限公司,稻,大田生产,2023/4/25
合肥丰乐种业股份有限公司,水稻亲本,大田生产,2023/4/25
合肥丰乐种业股份有限公司,水稻亲本,大田生产,2023/4/25
湖北省种子集团有限公司,大田玉米,试验,2023/4/25
湖北省种子集团有限公司,稻,试验,2023/4/25
湖北省种子集团有限公司,玉米,试验,2023/4/25
湖北省种子集团有限公司,杂交稻,试验,2023/4/25
北京金农科种子科技有限公司,糯玉米,大田生产,2023/4/26
北京金农科种子科技有限公司,糯玉米,大田生产,2023/4/26
北京金农科种子科技有限公司,玉米,大田生产,2023/4/26
北京金农科种子科技有限公司,玉米,大田生产,2023/4/26
北大荒垦丰种业股份有限公司,大田玉米,试验,2023/4/26
北大荒垦丰种业股份有限公司,玉米,试验,2023/4/26
北大荒垦丰种业股份有限公司,常规稻,试验,2023/4/26
北大荒垦丰种业股份有限公司,常规稻,试验,2023/4/26
北大荒垦丰种业股份有限公司,常规稻,试验,2023/4/26
北大荒垦丰种业股份有限公司,稻,试验,2023/4/26
北大荒垦丰种业股份有限公司,稻,试验,2023/4/26
北大荒垦丰种业股份有限公司,稻,试验,2023/4/26
北大荒垦丰种业股份有限公司,大田玉米,试验,2023/4/26
北大荒垦丰种业股份有限公司,玉米,试验,2023/4/26
湖北省种子集团有限公司,稻,大田生产,2023/4/27
湖北省种子集团有限公司,杂交稻,大田生产,2023/4/27
西科农业集团股份有限公司,稻,大田生产,2023/4/28
西科农业集团股份有限公司,稻,大田生产,2023/4/28
西科农业集团股份有限公司,稻,大田生产,2023/4/28
西科农业集团股份有限公司,稻,大田生产,2023/4/28
西科农业集团股份有限公司,杂交稻,大田生产,2023/4/28
西科农业集团股份有限公司,杂交稻,大田生产,2023/4/28
西科农业集团股份有限公司,杂交稻,大田生产,2023/4/28
西科农业集团股份有限公司,杂交稻,大田生产,2023/4/28
先正达种苗（北京）有限公司,甘蓝,对外制种,2023/5/5
先正达种苗（北京）有限公司,甘蓝,对外制种,2023/5/5
先正达种苗（北京）有限公司,甘蓝,对外制种,2023/5/5
先正达种苗（北京）有限公司,青花菜,对外制种,2023/5/5
广西万川种业有限公司,大田玉米,试验,2023/5/6
广西万川种业有限公司,大田玉米,试验,2023/5/6
广西万川种业有限公司,大田玉米,试验,2023/5/6
广西万川种业有限公司,大田玉米,试验,2023/5/6
广西万川种业有限公司,糯玉米,试验,2023/5/6
广西万川种业有限公司,糯玉米,试验,2023/5/6
广西万川种业有限公司,糯玉米,试验,2023/5/6
广西万川种业有限公司,糯玉米,试验,2023/5/6
广西万川种业有限公司,玉米,试验,2023/5/6
广西万川种业有限公司,玉米,试验,2023/5/6
广西万川种业有限公司,玉米,试验,2023/5/6
广西万川种业有限公司,玉米,试验,2023/5/6
广西万川种业有限公司,玉米,试验,2023/5/6
广西万川种业有限公司,玉米,试验,2023/5/6
广西万川种业有限公司,玉米,试验,2023/5/6
广西万川种业有限公司,玉米,试验,2023/5/6
广西万川种业有限公司,甜糯玉米,试验,2023/5/6
广西万川种业有限公司,甜玉米,试验,2023/5/6
广西万川种业有限公司,甜玉米,试验,2023/5/6
广西万川种业有限公司,甜玉米,试验,2023/5/6
广西万川种业有限公司,玉米,试验,2023/5/6
广西万川种业有限公司,玉米,试验,2023/5/6
广西万川种业有限公司,玉米,试验,2023/5/6
广西万川种业有限公司,玉米,试验,2023/5/6
广西万川种业有限公司,稻,试验,2023/5/8
广西万川种业有限公司,稻,试验,2023/5/8
广西万川种业有限公司,稻,试验,2023/5/8
广西万川种业有限公司,杂交稻,试验,2023/5/8
广西万川种业有限公司,杂交稻,试验,2023/5/8
广西万川种业有限公司,杂交稻,试验,2023/5/8
广西万川种业有限公司,冬瓜,试验,2023/5/9
四川禾嘉种业有限公司,稻,大田生产,2023/5/10
四川禾嘉种业有限公司,杂交稻,大田生产,2023/5/10
四川禾嘉种业有限公司,稻,大田生产,2023/5/10
四川禾嘉种业有限公司,杂交稻,大田生产,2023/5/10
袁隆平农业高科技股份有限公司,稻,大田生产,2023/5/16
袁隆平农业高科技股份有限公司,稻,大田生产,2023/5/16
袁隆平农业高科技股份有限公司,稻,大田生产,2023/5/16
袁隆平农业高科技股份有限公司,稻,大田生产,2023/5/16
袁隆平农业高科技股份有限公司,杂交稻,大田生产,2023/5/16
袁隆平农业高科技股份有限公司,杂交稻,大田生产,2023/5/16
袁隆平农业高科技股份有限公司,杂交稻,大田生产,2023/5/16
袁隆平农业高科技股份有限公司,杂交稻,大田生产,2023/5/16
袁隆平农业高科技股份有限公司,稻,大田生产,2023/5/16
袁隆平农业高科技股份有限公司,稻,大田生产,2023/5/16
袁隆平农业高科技股份有限公司,稻,大田生产,2023/5/16
袁隆平农业高科技股份有限公司,稻,大田生产,2023/5/16
袁隆平农业高科技股份有限公司,稻,大田生产,2023/5/16
袁隆平农业高科技股份有限公司,稻,大田生产,2023/5/16
袁隆平农业高科技股份有限公司,稻,大田生产,2023/5/16
袁隆平农业高科技股份有限公司,水稻亲本,大田生产,2023/5/16
袁隆平农业高科技股份有限公司,水稻亲本,大田生产,2023/5/16
袁隆平农业高科技股份有限公司,水稻亲本,大田生产,2023/5/16
袁隆平农业高科技股份有限公司,水稻亲本,大田生产,2023/5/16
袁隆平农业高科技股份有限公司,水稻亲本,大田生产,2023/5/16
袁隆平农业高科技股份有限公司,水稻亲本,大田生产,2023/5/16
袁隆平农业高科技股份有限公司,水稻亲本,大田生产,2023/5/16
袁隆平农业高科技股份有限公司,稻,大田生产,2023/5/16
袁隆平农业高科技股份有限公司,稻,大田生产,2023/5/16
袁隆平农业高科技股份有限公司,水稻亲本,大田生产,2023/5/16
袁隆平农业高科技股份有限公司,水稻亲本,大田生产,2023/5/16
袁隆平农业高科技股份有限公司,稻,大田生产,2023/5/16
袁隆平农业高科技股份有限公司,稻,大田生产,2023/5/16
袁隆平农业高科技股份有限公司,稻,大田生产,2023/5/16
袁隆平农业高科技股份有限公司,水稻亲本,大田生产,2023/5/16
袁隆平农业高科技股份有限公司,杂交稻,大田生产,2023/5/16
袁隆平农业高科技股份有限公司,杂交稻,大田生产,2023/5/16
安徽隆平高科（新桥）种业有限公司,稻,大田生产,2023/5/22
安徽隆平高科（新桥）种业有限公司,稻,大田生产,2023/5/22
安徽隆平高科（新桥）种业有限公司,水稻亲本,大田生产,2023/5/22
安徽隆平高科（新桥）种业有限公司,水稻亲本,大田生产,2023/5/22
袁氏种业高科技有限公司,稻,试验,2023/5/23
袁氏种业高科技有限公司,稻,试验,2023/5/23
袁氏种业高科技有限公司,稻,试验,2023/5/23
袁氏种业高科技有限公司,杂交稻,试验,2023/5/23
袁氏种业高科技有限公司,杂交稻,试验,2023/5/23
袁氏种业高科技有限公司,杂交稻,试验,2023/5/23
袁氏种业高科技有限公司,稻,试验,2023/5/23
袁氏种业高科技有限公司,杂交稻,试验,2023/5/23
广西万川种业有限公司,稻,大田生产,2023/5/23
广西万川种业有限公司,稻,大田生产,2023/5/23
广西万川种业有限公司,稻,大田生产,2023/5/23
广西万川种业有限公司,稻,大田生产,2023/5/23
广西万川种业有限公司,稻,大田生产,2023/5/23
广西万川种业有限公司,杂交稻,大田生产,2023/5/23
广西万川种业有限公司,杂交稻,大田生产,2023/5/23
广西万川种业有限公司,杂交稻,大田生产,2023/5/23
广西万川种业有限公司,杂交稻,大田生产,2023/5/23
广西万川种业有限公司,杂交稻,大田生产,2023/5/23
广西万川种业有限公司,糯玉米,大田生产,2023/5/23
广西万川种业有限公司,糯玉米,大田生产,2023/5/23
广西万川种业有限公司,糯玉米,大田生产,2023/5/23
广西万川种业有限公司,糯玉米,大田生产,2023/5/23
广西万川种业有限公司,甜糯玉米,大田生产,2023/5/23
广西万川种业有限公司,玉米,大田生产,2023/5/23
广西万川种业有限公司,玉米,大田生产,2023/5/23
广西万川种业有限公司,玉米,大田生产,2023/5/23
广西万川种业有限公司,玉米,大田生产,2023/5/23
广西万川种业有限公司,玉米,大田生产,2023/5/23
袁氏种业高科技有限公司,稻,试验,2023/5/23
袁氏种业高科技有限公司,稻,试验,2023/5/23
袁氏种业高科技有限公司,稻,试验,2023/5/23
袁氏种业高科技有限公司,杂交稻,试验,2023/5/23
袁氏种业高科技有限公司,杂交稻,试验,2023/5/23
袁氏种业高科技有限公司,杂交稻,试验,2023/5/23
科荟种业股份有限公司,稻,大田生产,2023/5/29
科荟种业股份有限公司,杂交稻,大田生产,2023/5/29
北京金色谷雨种业科技有限公司,糯玉米,大田生产,2023/5/29
北京金色谷雨种业科技有限公司,玉米,大田生产,2023/5/29
四川金安特农业股份有限公司,稻,大田生产,2023/5/29
四川金安特农业股份有限公司,杂交稻,大田生产,2023/5/29
袁氏种业高科技有限公司,稻,试验,2023/6/1
袁氏种业高科技有限公司,稻,试验,2023/6/1
袁氏种业高科技有限公司,杂交稻,试验,2023/6/1
袁氏种业高科技有限公司,杂交稻,试验,2023/6/1
袁氏种业高科技有限公司,稻,试验,2023/6/1
袁氏种业高科技有限公司,稻,试验,2023/6/1
袁氏种业高科技有限公司,稻,试验,2023/6/1
袁氏种业高科技有限公司,稻,试验,2023/6/1
袁氏种业高科技有限公司,稻,试验,2023/6/1
袁氏种业高科技有限公司,稻,试验,2023/6/1
袁氏种业高科技有限公司,稻,试验,2023/6/1
袁氏种业高科技有限公司,稻,试验,2023/6/1
袁氏种业高科技有限公司,杂交稻,试验,2023/6/1
袁氏种业高科技有限公司,杂交稻,试验,2023/6/1
袁氏种业高科技有限公司,杂交稻,试验,2023/6/1
袁氏种业高科技有限公司,杂交稻,试验,2023/6/1
袁氏种业高科技有限公司,杂交稻,试验,2023/6/1
袁氏种业高科技有限公司,杂交稻,试验,2023/6/1
袁氏种业高科技有限公司,杂交稻,试验,2023/6/1
袁氏种业高科技有限公司,杂交稻,试验,2023/6/1
先正达种苗（北京）有限公司,萝卜,对外制种,2023/6/7
先正达种苗（北京）有限公司,萝卜,对外制种,2023/6/7
袁氏种业高科技有限公司,稻,大田生产,2023/6/15
袁氏种业高科技有限公司,稻,大田生产,2023/6/15
袁氏种业高科技有限公司,杂交稻,大田生产,2023/6/15
袁氏种业高科技有限公司,杂交稻,大田生产,2023/6/15
先正达种苗（北京）有限公司,番茄,对外制种,2023/6/20
先正达种苗（北京）有限公司,番茄,对外制种,2023/6/20
先正达种苗（北京）有限公司,番茄,对外制种,2023/6/20
先正达种苗（北京）有限公司,番茄,对外制种,2023/6/20
先正达种苗（北京）有限公司,番茄,对外制种,2023/6/20
先正达种苗（北京）有限公司,番茄,对外制种,2023/6/20
先正达种苗（北京）有限公司,番茄,对外制种,2023/6/20
先正达种苗（北京）有限公司,番茄,对外制种,2023/6/20
先正达种苗（北京）有限公司,番茄,对外制种,2023/6/20
先正达种苗（北京）有限公司,番茄,对外制种,2023/6/20
先正达种苗（北京）有限公司,番茄,对外制种,2023/6/20
先正达种苗（北京）有限公司,番茄,对外制种,2023/6/20
先正达种苗（北京）有限公司,番茄,对外制种,2023/6/20
先正达种苗（北京）有限公司,大白菜,对外制种,2023/6/20
先正达种苗（北京）有限公司,黄瓜,对外制种,2023/6/20
先正达种苗（北京）有限公司,黄瓜,对外制种,2023/6/20
先正达种苗（北京）有限公司,黄瓜,对外制种,2023/6/20
先正达种苗（北京）有限公司,黄瓜,对外制种,2023/6/20
先正达种苗（北京）有限公司,黄瓜,对外制种,2023/6/20
先正达种苗（北京）有限公司,黄瓜,对外制种,2023/6/20
先正达种苗（北京）有限公司,黄瓜,对外制种,2023/6/20
先正达种苗（北京）有限公司,黄瓜,对外制种,2023/6/20
先正达种苗（北京）有限公司,黄瓜,对外制种,2023/6/20
先正达种苗（北京）有限公司,黄瓜,对外制种,2023/6/20
先正达种苗（北京）有限公司,黄瓜,对外制种,2023/6/20
袁氏种业高科技有限公司,稻,试验,2023/6/21
袁氏种业高科技有限公司,稻,试验,2023/6/21
袁氏种业高科技有限公司,稻,试验,2023/6/21
袁氏种业高科技有限公司,稻,试验,2023/6/21
袁氏种业高科技有限公司,稻,试验,2023/6/21
袁氏种业高科技有限公司,稻,试验,2023/6/21
袁氏种业高科技有限公司,稻,试验,2023/6/21
袁氏种业高科技有限公司,稻,试验,2023/6/21
袁氏种业高科技有限公司,杂交稻,试验,2023/6/21
袁氏种业高科技有限公司,杂交稻,试验,2023/6/21
袁氏种业高科技有限公司,杂交稻,试验,2023/6/21
袁氏种业高科技有限公司,杂交稻,试验,2023/6/21
袁氏种业高科技有限公司,杂交稻,试验,2023/6/21
袁氏种业高科技有限公司,杂交稻,试验,2023/6/21
袁氏种业高科技有限公司,杂交稻,试验,2023/6/21
袁氏种业高科技有限公司,杂交稻,试验,2023/6/21
袁氏种业高科技有限公司,稻,试验,2023/6/26
袁氏种业高科技有限公司,稻,试验,2023/6/26
袁氏种业高科技有限公司,稻,试验,2023/6/26
袁氏种业高科技有限公司,稻,试验,2023/6/26
袁氏种业高科技有限公司,稻,试验,2023/6/26
袁氏种业高科技有限公司,稻,试验,2023/6/26
袁氏种业高科技有限公司,杂交稻,试验,2023/6/26
袁氏种业高科技有限公司,杂交稻,试验,2023/6/26
袁氏种业高科技有限公司,杂交稻,试验,2023/6/26
袁氏种业高科技有限公司,杂交稻,试验,2023/6/26
袁氏种业高科技有限公司,杂交稻,试验,2023/6/26
袁氏种业高科技有限公司,杂交稻,试验,2023/6/26
袁氏种业高科技有限公司,稻,试验,2023/6/26
袁氏种业高科技有限公司,稻,试验,2023/6/26
袁氏种业高科技有限公司,稻,试验,2023/6/26
袁氏种业高科技有限公司,稻,试验,2023/6/26
袁氏种业高科技有限公司,稻,试验,2023/6/26
袁氏种业高科技有限公司,杂交稻,试验,2023/6/26
袁氏种业高科技有限公司,杂交稻,试验,2023/6/26
袁氏种业高科技有限公司,杂交稻,试验,2023/6/26
袁氏种业高科技有限公司,杂交稻,试验,2023/6/26
袁氏种业高科技有限公司,杂交稻,试验,2023/6/26
重庆中一种业有限公司,稻,大田生产,2023/6/26
重庆中一种业有限公司,稻,大田生产,2023/6/26
重庆中一种业有限公司,水稻亲本,大田生产,2023/6/26
重庆中一种业有限公司,杂交稻,大田生产,2023/6/26
重庆中一种业有限公司,稻,大田生产,2023/6/26
重庆中一种业有限公司,稻,大田生产,2023/6/26
重庆中一种业有限公司,稻,大田生产,2023/6/26
重庆中一种业有限公司,稻,大田生产,2023/6/26
重庆中一种业有限公司,水稻亲本,大田生产,2023/6/26
重庆中一种业有限公司,杂交稻,大田生产,2023/6/26
重庆中一种业有限公司,杂交稻,大田生产,2023/6/26
重庆中一种业有限公司,杂交稻,大田生产,2023/6/26
重庆中一种业有限公司,稻,大田生产,2023/6/26
重庆中一种业有限公司,稻,大田生产,2023/6/26
重庆中一种业有限公司,水稻亲本,大田生产,2023/6/26
重庆中一种业有限公司,杂交稻,大田生产,2023/6/26
西科农业集团股份有限公司,稻,大田生产,2023/6/27
西科农业集团股份有限公司,稻,大田生产,2023/6/27
西科农业集团股份有限公司,稻,大田生产,2023/6/27
西科农业集团股份有限公司,稻,大田生产,2023/6/27
西科农业集团股份有限公司,稻,大田生产,2023/6/27
西科农业集团股份有限公司,稻,大田生产,2023/6/27
西科农业集团股份有限公司,水稻亲本,大田生产,2023/6/27
西科农业集团股份有限公司,水稻亲本,大田生产,2023/6/27
西科农业集团股份有限公司,水稻亲本,大田生产,2023/6/27
西科农业集团股份有限公司,水稻亲本,大田生产,2023/6/27
西科农业集团股份有限公司,水稻亲本,大田生产,2023/6/27
西科农业集团股份有限公司,水稻亲本,大田生产,2023/6/27
袁隆平农业高科技股份有限公司,稻,大田生产,2023/6/29
袁隆平农业高科技股份有限公司,稻,大田生产,2023/6/29
袁隆平农业高科技股份有限公司,稻,大田生产,2023/6/29
袁隆平农业高科技股份有限公司,稻,大田生产,2023/6/29
袁隆平农业高科技股份有限公司,稻,大田生产,2023/6/29
袁隆平农业高科技股份有限公司,稻,大田生产,2023/6/29
袁隆平农业高科技股份有限公司,稻,大田生产,2023/6/29
袁隆平农业高科技股份有限公司,水稻亲本,大田生产,2023/6/29
袁隆平农业高科技股份有限公司,水稻亲本,大田生产,2023/6/29
袁隆平农业高科技股份有限公司,水稻亲本,大田生产,2023/6/29
袁隆平农业高科技股份有限公司,杂交稻,大田生产,2023/6/29
袁隆平农业高科技股份有限公司,杂交稻,大田生产,2023/6/29
袁隆平农业高科技股份有限公司,杂交稻,大田生产,2023/6/29
袁隆平农业高科技股份有限公司,杂交稻,大田生产,2023/6/29
袁隆平农业高科技股份有限公司,稻,大田生产,2023/6/29
袁隆平农业高科技股份有限公司,稻,大田生产,2023/6/29
袁隆平农业高科技股份有限公司,杂交稻,大田生产,2023/6/29
袁隆平农业高科技股份有限公司,杂交稻,大田生产,2023/6/29
袁隆平农业高科技股份有限公司,稻,大田生产,2023/6/29
袁隆平农业高科技股份有限公司,稻,大田生产,2023/6/29
袁隆平农业高科技股份有限公司,稻,大田生产,2023/6/29
袁隆平农业高科技股份有限公司,水稻亲本,大田生产,2023/6/29
袁隆平农业高科技股份有限公司,水稻亲本,大田生产,2023/6/29
袁隆平农业高科技股份有限公司,水稻亲本,大田生产,2023/6/29
北大荒垦丰种业股份有限公司,常规稻,试验,2023/7/3
北大荒垦丰种业股份有限公司,稻,试验,2023/7/3
北大荒垦丰种业股份有限公司,大豆,试验,2023/7/3
北大荒垦丰种业股份有限公司,豆类,试验,2023/7/3
先正达种苗（北京）有限公司,西葫芦,对外制种,2023/7/5
先正达种苗（北京）有限公司,西葫芦,对外制种,2023/7/5
先正达种苗（北京）有限公司,西葫芦,对外制种,2023/7/5
先正达种苗（北京）有限公司,西葫芦,对外制种,2023/7/5
先正达种苗（北京）有限公司,西葫芦,对外制种,2023/7/5
先正达种苗（北京）有限公司,西葫芦,对外制种,2023/7/5
先正达种苗（北京）有限公司,西葫芦,对外制种,2023/7/5
先正达种苗（北京）有限公司,西葫芦,对外制种,2023/7/5
先正达种苗（北京）有限公司,西葫芦,对外制种,2023/7/5
先正达种苗（北京）有限公司,西葫芦,对外制种,2023/7/5
先正达种苗（北京）有限公司,西葫芦,对外制种,2023/7/5
先正达种苗（北京）有限公司,西葫芦,对外制种,2023/7/5
先正达种苗（北京）有限公司,西葫芦,对外制种,2023/7/5
先正达种苗（北京）有限公司,西葫芦,对外制种,2023/7/5
先正达种苗（北京）有限公司,西葫芦,对外制种,2023/7/5
先正达种苗（北京）有限公司,西葫芦,对外制种,2023/7/5
先正达种苗（北京）有限公司,西葫芦,对外制种,2023/7/5
先正达种苗（北京）有限公司,西葫芦,对外制种,2023/7/5
先正达种苗（北京）有限公司,西葫芦,对外制种,2023/7/5
先正达种苗（北京）有限公司,西葫芦,对外制种,2023/7/5
先正达种苗（北京）有限公司,西葫芦,对外制种,2023/7/5
先正达种苗（北京）有限公司,西葫芦,对外制种,2023/7/5
先正达种苗（北京）有限公司,西葫芦,对外制种,2023/7/5
先正达种苗（北京）有限公司,瓜类,对外制种,2023/7/5
先正达种苗（北京）有限公司,西瓜,对外制种,2023/7/5
先正达种苗（北京）有限公司,瓜类,对外制种,2023/7/5
先正达种苗（北京）有限公司,瓜类,对外制种,2023/7/5
先正达种苗（北京）有限公司,瓜类,对外制种,2023/7/5
先正达种苗（北京）有限公司,西瓜,对外制种,2023/7/5
先正达种苗（北京）有限公司,西瓜,对外制种,2023/7/5
先正达种苗（北京）有限公司,西瓜,对外制种,2023/7/5
先正达种苗（北京）有限公司,瓜类,对外制种,2023/7/5
先正达种苗（北京）有限公司,西瓜,对外制种,2023/7/5
先正达种苗（北京）有限公司,瓜类,对外制种,2023/7/5
先正达种苗（北京）有限公司,西瓜,对外制种,2023/7/5
袁氏种业高科技有限公司,稻,大田生产,2023/7/5
袁氏种业高科技有限公司,水稻亲本,大田生产,2023/7/5
袁氏种业高科技有限公司,稻,大田生产,2023/7/5
袁氏种业高科技有限公司,水稻亲本,大田生产,2023/7/5
先正达种苗（北京）有限公司,西葫芦,对外制种,2023/7/12
袁隆平农业高科技股份有限公司,稻,大田生产,2023/7/12
袁隆平农业高科技股份有限公司,稻,大田生产,2023/7/12
袁隆平农业高科技股份有限公司,杂交稻,大田生产,2023/7/12
袁隆平农业高科技股份有限公司,杂交稻,大田生产,2023/7/12
四川禾嘉种业有限公司,稻,大田生产,2023/7/14
四川禾嘉种业有限公司,水稻亲本,大田生产,2023/7/14
四川禾嘉种业有限公司,稻,大田生产,2023/7/24
四川禾嘉种业有限公司,杂交稻,大田生产,2023/7/24
袁氏种业高科技有限公司,大田玉米,试验,2023/7/28
袁氏种业高科技有限公司,大田玉米,试验,2023/7/28
袁氏种业高科技有限公司,大田玉米,试验,2023/7/28
袁氏种业高科技有限公司,糯玉米,试验,2023/7/28
袁氏种业高科技有限公司,糯玉米,试验,2023/7/28
袁氏种业高科技有限公司,玉米,试验,2023/7/28
袁氏种业高科技有限公司,玉米,试验,2023/7/28
袁氏种业高科技有限公司,玉米,试验,2023/7/28
袁氏种业高科技有限公司,玉米,试验,2023/7/28
袁氏种业高科技有限公司,玉米,试验,2023/7/28
袁氏种业高科技有限公司,稻,试验,2023/7/28
袁氏种业高科技有限公司,杂交稻,试验,2023/7/28
袁氏种业高科技有限公司,稻,试验,2023/8/1
袁氏种业高科技有限公司,稻,试验,2023/8/1
袁氏种业高科技有限公司,稻,试验,2023/8/1
袁氏种业高科技有限公司,稻,试验,2023/8/1
袁氏种业高科技有限公司,杂交稻,试验,2023/8/1
袁氏种业高科技有限公司,杂交稻,试验,2023/8/1
袁氏种业高科技有限公司,杂交稻,试验,2023/8/1
袁氏种业高科技有限公司,杂交稻,试验,2023/8/1
袁氏种业高科技有限公司,稻,大田生产,2023/8/1
袁氏种业高科技有限公司,杂交稻,大田生产,2023/8/1
安徽昇谷农业科技有限公司,稻,大田生产,2023/8/8
安徽昇谷农业科技有限公司,杂交稻,大田生产,2023/8/8
安徽昇谷农业科技有限公司,稻,大田生产,2023/8/8
安徽昇谷农业科技有限公司,杂交稻,大田生产,2023/8/8
安徽隆平高科（新桥）种业有限公司,稻,大田生产,2023/8/7
安徽隆平高科（新桥）种业有限公司,稻,大田生产,2023/8/7
安徽隆平高科（新桥）种业有限公司,水稻亲本,大田生产,2023/8/7
安徽隆平高科（新桥）种业有限公司,水稻亲本,大田生产,2023/8/7
袁氏种业高科技有限公司,稻,试验,2023/8/8
袁氏种业高科技有限公司,稻,试验,2023/8/8
袁氏种业高科技有限公司,稻,试验,2023/8/8
袁氏种业高科技有限公司,水稻亲本,试验,2023/8/8
袁氏种业高科技有限公司,水稻亲本,试验,2023/8/8
袁氏种业高科技有限公司,水稻亲本,试验,2023/8/8
北京金色谷雨种业科技有限公司,大田玉米,大田生产,2023/8/9
北京金色谷雨种业科技有限公司,玉米,大田生产,2023/8/9
袁氏种业高科技有限公司,稻,大田生产,2023/8/9
袁氏种业高科技有限公司,杂交稻,大田生产,2023/8/9
仲衍种业股份有限公司,稻,大田生产,2023/8/9
仲衍种业股份有限公司,稻,大田生产,2023/8/9
仲衍种业股份有限公司,杂交稻,大田生产,2023/8/9
仲衍种业股份有限公司,杂交稻,大田生产,2023/8/9
袁氏种业高科技有限公司,稻,试验,2023/8/11
袁氏种业高科技有限公司,水稻亲本,试验,2023/8/11
安徽荃银种业科技有限公司,稻,大田生产,2023/8/11
安徽荃银种业科技有限公司,稻,大田生产,2023/8/11
安徽荃银种业科技有限公司,稻,大田生产,2023/8/11
安徽荃银种业科技有限公司,稻,大田生产,2023/8/11
安徽荃银种业科技有限公司,水稻亲本,大田生产,2023/8/11
安徽荃银种业科技有限公司,水稻亲本,大田生产,2023/8/11
安徽荃银种业科技有限公司,水稻亲本,大田生产,2023/8/11
安徽荃银种业科技有限公司,水稻亲本,大田生产,2023/8/11
北大荒垦丰种业股份有限公司,大田玉米,试验,2023/8/14
北大荒垦丰种业股份有限公司,玉米,试验,2023/8/14
合肥市合丰种业有限公司,大田玉米,大田生产,2023/8/16
合肥市合丰种业有限公司,玉米,大田生产,2023/8/16
袁氏种业高科技有限公司,稻,大田生产,2023/8/18
袁氏种业高科技有限公司,稻,大田生产,2023/8/18
袁氏种业高科技有限公司,稻,大田生产,2023/8/18
袁氏种业高科技有限公司,稻,大田生产,2023/8/18
袁氏种业高科技有限公司,稻,大田生产,2023/8/18
袁氏种业高科技有限公司,稻,大田生产,2023/8/18
袁氏种业高科技有限公司,水稻亲本,大田生产,2023/8/18
袁氏种业高科技有限公司,水稻亲本,大田生产,2023/8/18
袁氏种业高科技有限公司,水稻亲本,大田生产,2023/8/18
袁氏种业高科技有限公司,水稻亲本,大田生产,2023/8/18
袁氏种业高科技有限公司,杂交稻,大田生产,2023/8/18
袁氏种业高科技有限公司,杂交稻,大田生产,2023/8/18
安徽荃银种业科技有限公司,稻,大田生产,2023/8/18
安徽荃银种业科技有限公司,杂交稻,大田生产,2023/8/18
北大荒垦丰种业股份有限公司,大田玉米,试验,2023/8/22
北大荒垦丰种业股份有限公司,大田玉米,试验,2023/8/22
北大荒垦丰种业股份有限公司,大田玉米,试验,2023/8/22
北大荒垦丰种业股份有限公司,大田玉米,试验,2023/8/22
北大荒垦丰种业股份有限公司,大田玉米,试验,2023/8/22
北大荒垦丰种业股份有限公司,玉米,试验,2023/8/22
北大荒垦丰种业股份有限公司,玉米,试验,2023/8/22
北大荒垦丰种业股份有限公司,玉米,试验,2023/8/22
北大荒垦丰种业股份有限公司,玉米,试验,2023/8/22
北大荒垦丰种业股份有限公司,玉米,试验,2023/8/22
北大荒垦丰种业股份有限公司,大豆,试验,2023/8/22
北大荒垦丰种业股份有限公司,豆类,试验,2023/8/22
合肥丰乐种业股份有限公司,稻,大田生产,2023/8/23
合肥丰乐种业股份有限公司,稻,大田生产,2023/8/23
合肥丰乐种业股份有限公司,稻,大田生产,2023/8/23
合肥丰乐种业股份有限公司,稻,大田生产,2023/8/23
合肥丰乐种业股份有限公司,稻,大田生产,2023/8/23
合肥丰乐种业股份有限公司,稻,大田生产,2023/8/23
合肥丰乐种业股份有限公司,水稻亲本,大田生产,2023/8/23
合肥丰乐种业股份有限公司,水稻亲本,大田生产,2023/8/23
合肥丰乐种业股份有限公司,水稻亲本,大田生产,2023/8/23
合肥丰乐种业股份有限公司,水稻亲本,大田生产,2023/8/23
合肥丰乐种业股份有限公司,杂交稻,大田生产,2023/8/23
合肥丰乐种业股份有限公司,杂交稻,大田生产,2023/8/23
合肥丰乐种业股份有限公司,稻,大田生产,2023/8/24
合肥丰乐种业股份有限公司,稻,大田生产,2023/8/24
合肥丰乐种业股份有限公司,稻,大田生产,2023/8/24
合肥丰乐种业股份有限公司,稻,大田生产,2023/8/24
合肥丰乐种业股份有限公司,稻,大田生产,2023/8/24
合肥丰乐种业股份有限公司,稻,大田生产,2023/8/24
合肥丰乐种业股份有限公司,稻,大田生产,2023/8/24
合肥丰乐种业股份有限公司,水稻亲本,大田生产,2023/8/24
合肥丰乐种业股份有限公司,水稻亲本,大田生产,2023/8/24
合肥丰乐种业股份有限公司,水稻亲本,大田生产,2023/8/24
合肥丰乐种业股份有限公司,水稻亲本,大田生产,2023/8/24
合肥丰乐种业股份有限公司,水稻亲本,大田生产,2023/8/24
合肥丰乐种业股份有限公司,杂交稻,大田生产,2023/8/24
合肥丰乐种业股份有限公司,杂交稻,大田生产,2023/8/24
四川禾嘉种业有限公司,稻,大田生产,2023/8/25
四川禾嘉种业有限公司,杂交稻,大田生产,2023/8/25
四川禾嘉种业有限公司,稻,大田生产,2023/8/25
四川禾嘉种业有限公司,杂交稻,大田生产,2023/8/25
广西万川种业有限公司,菜心,大田生产,2023/9/1
广西万川种业有限公司,菜心,大田生产,2023/9/1
广西万川种业有限公司,豇豆,大田生产,2023/9/1
广西万川种业有限公司,芥菜,大田生产,2023/9/1
广西万川种业有限公司,萝卜,大田生产,2023/9/1
广西万川种业有限公司,青梗白菜,大田生产,2023/9/1
广西万川种业有限公司,生菜,大田生产,2023/9/1
北大荒垦丰种业股份有限公司,大田玉米,试验,2023/9/4
北大荒垦丰种业股份有限公司,大田玉米,试验,2023/9/4
北大荒垦丰种业股份有限公司,大田玉米,试验,2023/9/4
北大荒垦丰种业股份有限公司,大田玉米,试验,2023/9/4
北大荒垦丰种业股份有限公司,大田玉米,试验,2023/9/4
北大荒垦丰种业股份有限公司,大田玉米,试验,2023/9/4
北大荒垦丰种业股份有限公司,玉米,试验,2023/9/4
北大荒垦丰种业股份有限公司,玉米,试验,2023/9/4
北大荒垦丰种业股份有限公司,玉米,试验,2023/9/4
北大荒垦丰种业股份有限公司,玉米,试验,2023/9/4
北大荒垦丰种业股份有限公司,玉米,试验,2023/9/4
北大荒垦丰种业股份有限公司,玉米,试验,2023/9/4
北大荒垦丰种业股份有限公司,大豆,试验,2023/9/4
北大荒垦丰种业股份有限公司,大豆,试验,2023/9/4
北大荒垦丰种业股份有限公司,大豆,试验,2023/9/4
北大荒垦丰种业股份有限公司,大豆,试验,2023/9/4
北大荒垦丰种业股份有限公司,大豆,试验,2023/9/4
北大荒垦丰种业股份有限公司,豆类,试验,2023/9/4
北大荒垦丰种业股份有限公司,豆类,试验,2023/9/4
北大荒垦丰种业股份有限公司,豆类,试验,2023/9/4
北大荒垦丰种业股份有限公司,豆类,试验,2023/9/4
北大荒垦丰种业股份有限公司,豆类,试验,2023/9/4
北大荒垦丰种业股份有限公司,常规稻,试验,2023/9/4
北大荒垦丰种业股份有限公司,常规稻,试验,2023/9/4
北大荒垦丰种业股份有限公司,常规稻,试验,2023/9/4
北大荒垦丰种业股份有限公司,稻,试验,2023/9/4
北大荒垦丰种业股份有限公司,稻,试验,2023/9/4
北大荒垦丰种业股份有限公司,稻,试验,2023/9/4
袁氏种业高科技有限公司,稻,试验,2023/9/25
袁氏种业高科技有限公司,稻,试验,2023/9/25
袁氏种业高科技有限公司,杂交稻,试验,2023/9/25
袁氏种业高科技有限公司,杂交稻,试验,2023/9/25
湖北荃银高科种业有限公司,稻,大田生产,2023/9/11
湖北荃银高科种业有限公司,杂交稻,大田生产,2023/9/11
湖北荃银高科种业有限公司,稻,大田生产,2023/9/11
湖北荃银高科种业有限公司,杂交稻,大田生产,2023/9/11
袁氏种业高科技有限公司,稻,大田生产,2023/9/12
袁氏种业高科技有限公司,稻,大田生产,2023/9/12
袁氏种业高科技有限公司,杂交稻,大田生产,2023/9/12
袁氏种业高科技有限公司,杂交稻,大田生产,2023/9/12
酒泉东方种子有限公司,莴苣,对外制种,2023/9/14
酒泉东方种子有限公司,菜豆,对外制种,2023/9/18
酒泉东方种子有限公司,番茄,对外制种,2023/9/18
酒泉东方种子有限公司,茄子,对外制种,2023/9/18
酒泉东方种子有限公司,甜椒,对外制种,2023/9/18
酒泉东方种子有限公司,莴苣,对外制种,2023/9/18
酒泉东方种子有限公司,菜豆,对外制种,2023/9/18
酒泉东方种子有限公司,萝卜,对外制种,2023/9/18
酒泉东方种子有限公司,莴苣,对外制种,2023/9/18
酒泉东方种子有限公司,南瓜,对外制种,2023/9/18
酒泉东方种子有限公司,甜椒,对外制种,2023/9/18
酒泉东方种子有限公司,萝卜,对外制种,2023/9/14
酒泉东方种子有限公司,南瓜,对外制种,2023/9/14
酒泉东方种子有限公司,西葫芦,对外制种,2023/9/14
酒泉东方种子有限公司,菜豆,对外制种,2023/9/18
酒泉东方种子有限公司,西葫芦,对外制种,2023/9/18
袁氏种业高科技有限公司,稻,大田生产,2023/9/13
袁氏种业高科技有限公司,杂交稻,大田生产,2023/9/13
酒泉东方种子有限公司,番茄,对外制种,2023/9/18
酒泉东方种子有限公司,菜豆,对外制种,2023/9/18
酒泉东方种子有限公司,萝卜,对外制种,2023/9/18
酒泉东方种子有限公司,西葫芦,对外制种,2023/9/18
酒泉东方种子有限公司,瓜类,对外制种,2023/9/18
酒泉东方种子有限公司,瓜类,对外制种,2023/9/18
酒泉东方种子有限公司,甜瓜,对外制种,2023/9/18
酒泉东方种子有限公司,西瓜,对外制种,2023/9/18
酒泉东方种子有限公司,菜豆,对外制种,2023/9/18
酒泉东方种子有限公司,菜豆,对外制种,2023/9/18
酒泉东方种子有限公司,番茄,对外制种,2023/9/18
酒泉东方种子有限公司,甜椒,对外制种,2023/9/18
酒泉东方种子有限公司,莴苣,对外制种,2023/9/18
酒泉东方种子有限公司,番茄,对外制种,2023/9/20
酒泉东方种子有限公司,黄瓜,对外制种,2023/9/20
酒泉东方种子有限公司,茄子,对外制种,2023/9/20
酒泉东方种子有限公司,甜椒,对外制种,2023/9/20
酒泉东方种子有限公司,南瓜,对外制种,2023/9/18
酒泉东方种子有限公司,西葫芦,对外制种,2023/9/18
酒泉东方种子有限公司,甜椒,对外制种,2023/9/18
四川禾嘉种业有限公司,稻,大田生产,2023/9/15
四川禾嘉种业有限公司,杂交稻,大田生产,2023/9/15
湖北荃银高科种业有限公司,稻,大田生产,2023/9/15
湖北荃银高科种业有限公司,稻,大田生产,2023/9/15
湖北荃银高科种业有限公司,杂交稻,大田生产,2023/9/15
湖北荃银高科种业有限公司,杂交稻,大田生产,2023/9/15
四川禾嘉种业有限公司,稻,大田生产,2023/9/15
四川禾嘉种业有限公司,杂交稻,大田生产,2023/9/15
四川禾嘉种业有限公司,稻,大田生产,2023/9/15
四川禾嘉种业有限公司,杂交稻,大田生产,2023/9/15
四川禾嘉种业有限公司,稻,大田生产,2023/9/15
四川禾嘉种业有限公司,杂交稻,大田生产,2023/9/15
四川禾嘉种业有限公司,稻,大田生产,2023/9/15
四川禾嘉种业有限公司,杂交稻,大田生产,2023/9/15
四川禾嘉种业有限公司,稻,大田生产,2023/9/15
四川禾嘉种业有限公司,杂交稻,大田生产,2023/9/15
酒泉东方种子有限公司,莴苣,对外制种,2023/9/18
酒泉东方种子有限公司,滨紫草,对外制种,2023/9/18
酒泉东方种子有限公司,旱金莲,对外制种,2023/9/18
酒泉东方种子有限公司,辣蓼,对外制种,2023/9/18
酒泉东方种子有限公司,琉璃苣,对外制种,2023/9/18
酒泉东方种子有限公司,盐角草,对外制种,2023/9/18
酒泉东方种子有限公司,菜豆,对外制种,2023/9/18
酒泉东方种子有限公司,甜椒,对外制种,2023/9/18
酒泉东方种子有限公司,西葫芦,对外制种,2023/9/18
四川禾嘉种业有限公司,稻,大田生产,2023/9/18
四川禾嘉种业有限公司,杂交稻,大田生产,2023/9/18
四川禾嘉种业有限公司,稻,大田生产,2023/9/18
四川禾嘉种业有限公司,杂交稻,大田生产,2023/9/18
四川禾嘉种业有限公司,稻,大田生产,2023/9/18
四川禾嘉种业有限公司,稻,大田生产,2023/9/18
四川禾嘉种业有限公司,杂交稻,大田生产,2023/9/18
四川禾嘉种业有限公司,杂交稻,大田生产,2023/9/18
四川禾嘉种业有限公司,稻,大田生产,2023/9/18
四川禾嘉种业有限公司,稻,大田生产,2023/9/18
四川禾嘉种业有限公司,杂交稻,大田生产,2023/9/18
四川禾嘉种业有限公司,杂交稻,大田生产,2023/9/18
四川禾嘉种业有限公司,稻,大田生产,2023/9/18
四川禾嘉种业有限公司,稻,大田生产,2023/9/18
四川禾嘉种业有限公司,杂交稻,大田生产,2023/9/18
四川禾嘉种业有限公司,杂交稻,大田生产,2023/9/18
四川禾嘉种业有限公司,稻,大田生产,2023/9/18
四川禾嘉种业有限公司,稻,大田生产,2023/9/18
四川禾嘉种业有限公司,杂交稻,大田生产,2023/9/18
四川禾嘉种业有限公司,杂交稻,大田生产,2023/9/18
四川禾嘉种业有限公司,稻,大田生产,2023/9/18
四川禾嘉种业有限公司,稻,大田生产,2023/9/18
四川禾嘉种业有限公司,水稻亲本,大田生产,2023/9/18
四川禾嘉种业有限公司,水稻亲本,大田生产,2023/9/18
新疆惠民种业有限公司,棉花,大田生产,2023/9/18
新疆惠民种业有限公司,棉花种子,大田生产,2023/9/18
福建科力种业有限公司,稻,大田生产,2023/9/18
福建科力种业有限公司,杂交稻,大田生产,2023/9/18
酒泉东方种子有限公司,瓜类,对外制种,2023/9/18
酒泉东方种子有限公司,甜瓜,对外制种,2023/9/18
酒泉东方种子有限公司,观赏草莓,对外制种,2023/9/18
酒泉东方种子有限公司,瓜类,对外制种,2023/9/19
酒泉东方种子有限公司,甜瓜,对外制种,2023/9/19
酒泉东方种子有限公司,花环菊,对外制种,2023/9/20
仲衍种业股份有限公司,大田玉米,大田生产,2023/9/19
仲衍种业股份有限公司,玉米,大田生产,2023/9/19
酒泉东方种子有限公司,萝卜,对外制种,2023/9/19
酒泉东方种子有限公司,苋菜,对外制种,2023/9/19
酒泉东方种子有限公司,紫苏,对外制种,2023/9/19
北大荒垦丰种业股份有限公司,大田玉米,试验,2023/9/19
北大荒垦丰种业股份有限公司,玉米,试验,2023/9/19
酒泉东方种子有限公司,瓜类,对外制种,2023/9/22
酒泉东方种子有限公司,甜瓜,对外制种,2023/9/22
酒泉东方种子有限公司,西葫芦,对外制种,2023/9/22
酒泉东方种子有限公司,矮牵牛 ,对外制种,2023/9/22
酒泉东方种子有限公司,白波菊,对外制种,2023/9/22
酒泉东方种子有限公司,高山紫菀,对外制种,2023/9/22
酒泉东方种子有限公司,耧斗菜,对外制种,2023/9/22
酒泉东方种子有限公司,马利筋,对外制种,2023/9/22
酒泉东方种子有限公司,垂花葱,对外制种,2023/9/22
酒泉东方种子有限公司,刺芹,对外制种,2023/9/22
酒泉东方种子有限公司,飞蓬,对外制种,2023/9/22
酒泉东方种子有限公司,佩兰,对外制种,2023/9/22
酒泉东方种子有限公司,天人菊,对外制种,2023/9/22
酒泉东方种子有限公司,钓钟柳,对外制种,2023/9/22
酒泉东方种子有限公司,堆心菊,对外制种,2023/9/22
酒泉东方种子有限公司,黑心菊,对外制种,2023/9/22
酒泉东方种子有限公司,葵花,对外制种,2023/9/22
酒泉东方种子有限公司,老鹳草,对外制种,2023/9/22
酒泉东方种子有限公司,美洲矾根,对外制种,2023/9/22
酒泉东方种子有限公司,委陵菊,对外制种,2023/9/22
酒泉东方种子有限公司,白花紫露草,对外制种,2023/9/22
酒泉东方种子有限公司,百日草,对外制种,2023/9/22
酒泉东方种子有限公司,斑鸠菊,对外制种,2023/9/22
酒泉东方种子有限公司,腹水草,对外制种,2023/9/22
酒泉东方种子有限公司,美女樱,对外制种,2023/9/22
酒泉东方种子有限公司,钻叶紫菀,对外制种,2023/9/22
酒泉东方种子有限公司,白花菜,对外制种,2023/9/23
酒泉东方种子有限公司,大白菜,对外制种,2023/9/23
酒泉东方种子有限公司,芥蓝,对外制种,2023/9/23
酒泉东方种子有限公司,莴苣,对外制种,2023/9/23
酒泉东方种子有限公司,菠菜,对外制种,2023/9/23
酒泉东方种子有限公司,菜心,对外制种,2023/9/23
酒泉东方种子有限公司,芥菜,对外制种,2023/9/23
酒泉东方种子有限公司,萝卜,对外制种,2023/9/23
酒泉东方种子有限公司,豌豆,对外制种,2023/9/23
酒泉东方种子有限公司,西葫芦,对外制种,2023/9/23
酒泉东方种子有限公司,向日葵,对外制种,2023/9/23
酒泉东方种子有限公司,大白菜,对外制种,2023/9/23
酒泉东方种子有限公司,番茄,对外制种,2023/9/23
酒泉东方种子有限公司,茼蒿,对外制种,2023/9/23
酒泉东方种子有限公司,莴苣,对外制种,2023/9/23
酒泉东方种子有限公司,百日草,对外制种,2023/9/23
酒泉东方种子有限公司,观赏黄瓜,对外制种,2023/9/23
酒泉东方种子有限公司,黑种草,对外制种,2023/9/23
酒泉东方种子有限公司,金鸡菊,对外制种,2023/9/23
酒泉东方种子有限公司,葵花,对外制种,2023/9/23
酒泉东方种子有限公司,紫茉莉,对外制种,2023/9/23
酒泉东方种子有限公司,波斯菊,对外制种,2023/9/23
酒泉东方种子有限公司,翠菊 ,对外制种,2023/9/23
酒泉东方种子有限公司,大阿米芹,对外制种,2023/9/23
酒泉东方种子有限公司,金鱼草,对外制种,2023/9/23
酒泉东方种子有限公司,葵花,对外制种,2023/9/23
袁氏种业高科技有限公司,稻,试验,2023/9/27
袁氏种业高科技有限公司,稻,试验,2023/9/27
袁氏种业高科技有限公司,稻,试验,2023/9/27
袁氏种业高科技有限公司,稻,试验,2023/9/27
袁氏种业高科技有限公司,稻,试验,2023/9/27
袁氏种业高科技有限公司,水稻亲本,试验,2023/9/27
袁氏种业高科技有限公司,水稻亲本,试验,2023/9/27
袁氏种业高科技有限公司,水稻亲本,试验,2023/9/27
袁氏种业高科技有限公司,水稻亲本,试验,2023/9/27
袁氏种业高科技有限公司,水稻亲本,试验,2023/9/27
袁氏种业高科技有限公司,糯玉米,大田生产,2023/9/27
袁氏种业高科技有限公司,玉米,大田生产,2023/9/27
北大荒垦丰种业股份有限公司,常规稻,试验,2023/9/28
北大荒垦丰种业股份有限公司,常规稻,试验,2023/9/28
北大荒垦丰种业股份有限公司,稻,试验,2023/9/28
北大荒垦丰种业股份有限公司,稻,试验,2023/9/28
酒泉东方种子有限公司,翠雀,对外制种,2023/10/7
新疆惠民种业有限公司,棉花,大田生产,2023/10/7
新疆惠民种业有限公司,棉花种子,大田生产,2023/10/7
酒泉东方种子有限公司,番茄,对外制种,2023/10/8
酒泉东方种子有限公司,莴苣,对外制种,2023/10/8
酒泉东方种子有限公司,菜豆,对外制种,2023/10/8
酒泉东方种子有限公司,阿米芹,对外制种,2023/10/8
酒泉东方种子有限公司,翠菊 ,对外制种,2023/10/8
酒泉东方种子有限公司,高山紫菀,对外制种,2023/10/8
酒泉东方种子有限公司,耧斗菜,对外制种,2023/10/8
酒泉东方种子有限公司,矢车菊,对外制种,2023/10/8
酒泉东方种子有限公司,蜀葵,对外制种,2023/10/8
酒泉东方种子有限公司,波斯菊,对外制种,2023/10/8
酒泉东方种子有限公司,大丽花,对外制种,2023/10/8
酒泉东方种子有限公司,观赏草莓,对外制种,2023/10/8
酒泉东方种子有限公司,琉璃飞燕草,对外制种,2023/10/8
酒泉东方种子有限公司,黑心菊,对外制种,2023/10/8
酒泉东方种子有限公司,蜡菊,对外制种,2023/10/8
酒泉东方种子有限公司,兔子尾巴草,对外制种,2023/10/8
酒泉东方种子有限公司,香豌豆,对外制种,2023/10/8
酒泉东方种子有限公司,向日葵,对外制种,2023/10/8
酒泉东方种子有限公司,羽扇豆,对外制种,2023/10/8
酒泉东方种子有限公司,紫盆花,对外制种,2023/10/8
酒泉东方种子有限公司,甜椒,对外制种,2023/10/9
酒泉东方种子有限公司,百日草,对外制种,2023/10/9
酒泉东方种子有限公司,旱金莲,对外制种,2023/10/9
酒泉东方种子有限公司,美女樱,对外制种,2023/10/9
酒泉东方种子有限公司,万寿菊 ,对外制种,2023/10/9
酒泉东方种子有限公司,莴苣,对外制种,2023/10/9
武汉国英种业有限责任公司,稻,大田生产,2023/10/9
武汉国英种业有限责任公司,杂交稻,大田生产,2023/10/9
湖北谷神科技有限责任公司,稻,大田生产,2023/10/9
湖北谷神科技有限责任公司,稻,大田生产,2023/10/9
湖北谷神科技有限责任公司,杂交稻,大田生产,2023/10/9
湖北谷神科技有限责任公司,杂交稻,大田生产,2023/10/9
酒泉东方种子有限公司,菠菜,对外制种,2023/10/9
酒泉东方种子有限公司,甜椒,对外制种,2023/10/9
酒泉东方种子有限公司,菜豆,对外制种,2023/10/9
酒泉东方种子有限公司,番茄,对外制种,2023/10/9
酒泉东方种子有限公司,豌豆,对外制种,2023/10/9
酒泉东方种子有限公司,莴苣,对外制种,2023/10/9
袁隆平农业高科技股份有限公司,稻,试验,2023/10/12
袁隆平农业高科技股份有限公司,杂交稻,试验,2023/10/12
广西万川种业有限公司,瓠瓜,大田生产,2023/10/12
广西万川种业有限公司,节瓜,大田生产,2023/10/12
广西万川种业有限公司,苦瓜,大田生产,2023/10/12
广西万川种业有限公司,南瓜,大田生产,2023/10/12
广西万川种业有限公司,茄子,大田生产,2023/10/12
袁氏种业高科技有限公司,稻,大田生产,2023/10/13
袁氏种业高科技有限公司,杂交稻,大田生产,2023/10/13
北大荒垦丰种业股份有限公司,常规稻,试验,2023/10/16
北大荒垦丰种业股份有限公司,稻,试验,2023/10/16
重庆中一种业有限公司,稻,大田生产,2023/10/16
重庆中一种业有限公司,稻,大田生产,2023/10/16
重庆中一种业有限公司,杂交稻,大田生产,2023/10/16
重庆中一种业有限公司,杂交稻,大田生产,2023/10/16
重庆中一种业有限公司,稻,大田生产,2023/10/16
重庆中一种业有限公司,稻,大田生产,2023/10/16
重庆中一种业有限公司,杂交稻,大田生产,2023/10/16
重庆中一种业有限公司,杂交稻,大田生产,2023/10/16
重庆中一种业有限公司,稻,大田生产,2023/10/16
重庆中一种业有限公司,稻,大田生产,2023/10/16
重庆中一种业有限公司,杂交稻,大田生产,2023/10/16
重庆中一种业有限公司,杂交稻,大田生产,2023/10/16
重庆中一种业有限公司,大田玉米,大田生产,2023/10/16
重庆中一种业有限公司,玉米,大田生产,2023/10/16
袁氏种业高科技有限公司,稻,试验,2023/10/18
袁氏种业高科技有限公司,杂交稻,试验,2023/10/18
广东金作农业科技有限公司,糯玉米,大田生产,2023/10/19
广东金作农业科技有限公司,玉米,大田生产,2023/10/19
西科农业集团股份有限公司,稻,大田生产,2023/10/20
西科农业集团股份有限公司,杂交稻,大田生产,2023/10/20
仲衍种业股份有限公司,稻,大田生产,2023/10/23
仲衍种业股份有限公司,稻,大田生产,2023/10/23
仲衍种业股份有限公司,稻,大田生产,2023/10/23
仲衍种业股份有限公司,杂交稻,大田生产,2023/10/23
仲衍种业股份有限公司,杂交稻,大田生产,2023/10/23
仲衍种业股份有限公司,杂交稻,大田生产,2023/10/23
酒泉东方种子有限公司,瓜类,对外制种,2023/10/23
酒泉东方种子有限公司,甜瓜,对外制种,2023/10/23
北大荒垦丰种业股份有限公司,大田玉米,试验,2023/10/26
北大荒垦丰种业股份有限公司,大田玉米,试验,2023/10/26
北大荒垦丰种业股份有限公司,大田玉米,试验,2023/10/26
北大荒垦丰种业股份有限公司,大田玉米,试验,2023/10/26
北大荒垦丰种业股份有限公司,大田玉米,试验,2023/10/26
北大荒垦丰种业股份有限公司,玉米,试验,2023/10/26
北大荒垦丰种业股份有限公司,玉米,试验,2023/10/26
北大荒垦丰种业股份有限公司,玉米,试验,2023/10/26
北大荒垦丰种业股份有限公司,玉米,试验,2023/10/26
北大荒垦丰种业股份有限公司,玉米,试验,2023/10/26
武汉佳禾生物科技有限责任公司,稻,大田生产,2023/10/26
武汉佳禾生物科技有限责任公司,杂交稻,大田生产,2023/10/26
安徽丰大种业股份有限公司,稻,大田生产,2023/10/27
安徽丰大种业股份有限公司,杂交稻,大田生产,2023/10/27
安徽丰大种业股份有限公司,大田玉米,大田生产,2023/10/27
安徽丰大种业股份有限公司,玉米,大田生产,2023/10/27
辽宁东亚农业发展有限公司,辣椒,大田生产,2023/10/31
辽宁东亚农业发展有限公司,萝卜,大田生产,2023/10/27
张掖市福瑞兴种苗有限责任公司,番茄,对外制种,2023/10/28
辽宁东亚农业发展有限公司,萝卜,对外制种,2023/11/13
辽宁东亚农业发展有限公司,萝卜,对外制种,2023/11/13
酒泉东方种子有限公司,金槌花,对外制种,2023/10/28
酒泉东方种子有限公司,沙蓝刺头,对外制种,2023/10/28
酒泉市欣苑农业有限责任公司,向日葵,对外制种,2023/10/29
纽内姆（北京）种子有限公司,瓜类,对外制种,2023/10/30
纽内姆（北京）种子有限公司,瓜类,对外制种,2023/10/30
纽内姆（北京）种子有限公司,甜瓜,对外制种,2023/10/30
纽内姆（北京）种子有限公司,西瓜,对外制种,2023/10/30
纽内姆（北京）种子有限公司,瓜类,对外制种,2023/10/30
纽内姆（北京）种子有限公司,瓜类,对外制种,2023/10/30
纽内姆（北京）种子有限公司,甜瓜,对外制种,2023/10/30
纽内姆（北京）种子有限公司,西瓜,对外制种,2023/10/30
纽内姆（北京）种子有限公司,番茄,对外制种,2023/10/30
纽内姆（北京）种子有限公司,黄瓜,对外制种,2023/10/30
纽内姆（北京）种子有限公司,辣椒,对外制种,2023/10/30
纽内姆（北京）种子有限公司,西葫芦,对外制种,2023/10/30
纽内姆（北京）种子有限公司,番茄,对外制种,2023/10/30
纽内姆（北京）种子有限公司,黄瓜,对外制种,2023/10/30
安徽省创富种业有限公司,稻,大田生产,2023/10/30
安徽省创富种业有限公司,稻,大田生产,2023/10/30
安徽省创富种业有限公司,水稻亲本,大田生产,2023/10/30
安徽省创富种业有限公司,杂交稻,大田生产,2023/10/30
纽内姆（北京）种子有限公司,番茄,对外制种,2023/10/30
纽内姆（北京）种子有限公司,辣椒,对外制种,2023/10/30
纽内姆（北京）种子有限公司,瓜类,对外制种,2023/10/30
纽内姆（北京）种子有限公司,瓜类,对外制种,2023/10/30
纽内姆（北京）种子有限公司,甜瓜,对外制种,2023/10/30
纽内姆（北京）种子有限公司,西瓜,对外制种,2023/10/30
辽宁东亚农业发展有限公司,辣椒,对外制种,2023/10/30
辽宁东亚农业发展有限公司,辣椒,对外制种,2023/10/30
酒泉市华美种子有限责任公司,茄子,大田生产,2023/10/30
酒泉市华美种子有限责任公司,甜椒,大田生产,2023/10/30
辽宁东亚农业发展有限公司,萝卜,对外制种,2023/10/31
辽宁东亚农业发展有限公司,萝卜,对外制种,2023/10/31
辽宁东亚农业发展有限公司,萝卜,对外制种,2023/10/31
辽宁东亚农业发展有限公司,萝卜,对外制种,2023/10/31
酒泉市华美种子有限责任公司,西葫芦,大田生产,2023/10/30
酒泉市华美种子有限责任公司,西葫芦,大田生产,2023/10/30
酒泉市华美种子有限责任公司,西葫芦,大田生产,2023/10/30
酒泉市华美种子有限责任公司,番茄,大田生产,2023/10/30
酒泉市华美种子有限责任公司,番茄,大田生产,2023/10/30
酒泉市华美种子有限责任公司,甜椒,大田生产,2023/10/30
酒泉市华美种子有限责任公司,甜椒,大田生产,2023/10/30
酒泉市华美种子有限责任公司,甜椒,大田生产,2023/10/30
酒泉市华美种子有限责任公司,西葫芦,大田生产,2023/10/30
张掖市福瑞兴种苗有限责任公司,西葫芦,对外制种,2023/10/30
张掖市福瑞兴种苗有限责任公司,番茄,对外制种,2023/10/30
仲衍种业股份有限公司,稻,大田生产,2023/10/30
仲衍种业股份有限公司,稻,大田生产,2023/10/30
仲衍种业股份有限公司,水稻亲本,大田生产,2023/10/30
仲衍种业股份有限公司,水稻亲本,大田生产,2023/10/30
酒泉市华美种子有限责任公司,瓜类,大田生产,2023/10/30
酒泉市华美种子有限责任公司,瓜类,大田生产,2023/10/30
酒泉市华美种子有限责任公司,瓜类,大田生产,2023/10/30
酒泉市华美种子有限责任公司,甜瓜,大田生产,2023/10/30
酒泉市华美种子有限责任公司,西瓜,大田生产,2023/10/30
酒泉市华美种子有限责任公司,西瓜,大田生产,2023/10/30
酒泉东方种子有限公司,莴苣,对外制种,2023/10/30
辽宁东亚农业发展有限公司,辣椒,对外制种,2023/11/1
辽宁东亚农业发展有限公司,辣椒,对外制种,2023/11/1
辽宁东亚农业发展有限公司,辣椒,对外制种,2023/11/1
辽宁东亚农业发展有限公司,辣椒,对外制种,2023/11/1
辽宁东亚农业发展有限公司,辣椒,对外制种,2023/11/1
辽宁东亚农业发展有限公司,辣椒,对外制种,2023/11/1
酒泉市华美种子有限责任公司,茄子,大田生产,2023/10/30
酒泉市华美种子有限责任公司,西葫芦,大田生产,2023/10/30
辽宁东亚农业发展有限公司,辣椒,对外制种,2023/10/31
辽宁东亚农业发展有限公司,辣椒,对外制种,2023/10/31
辽宁东亚农业发展有限公司,番茄,对外制种,2023/10/30
酒泉市华美种子有限责任公司,甜玉米,大田生产,2023/10/30
酒泉市华美种子有限责任公司,玉米,大田生产,2023/10/30
辽宁东亚农业发展有限公司,越瓜和菜瓜,对外制种,2023/10/31
辽宁东亚农业发展有限公司,越瓜和菜瓜,对外制种,2023/10/31
辽宁东亚农业发展有限公司,黄瓜,对外制种,2023/10/31
辽宁东亚农业发展有限公司,黄瓜,对外制种,2023/10/31
辽宁东亚农业发展有限公司,黄瓜,对外制种,2023/10/31
酒泉市华美种子有限责任公司,甜玉米,大田生产,2023/10/30
酒泉市华美种子有限责任公司,玉米,大田生产,2023/10/30
酒泉东方种子有限公司,观赏草莓,对外制种,2023/10/30
辽宁东亚农业发展有限公司,豌豆,对外制种,2023/10/31
辽宁东亚农业发展有限公司,豌豆,对外制种,2023/10/31
安徽隆平高科（新桥）种业有限公司,稻,大田生产,2023/10/30
安徽隆平高科（新桥）种业有限公司,杂交稻,大田生产,2023/10/30
四川金安特农业股份有限公司,稻,大田生产,2023/10/30
四川金安特农业股份有限公司,杂交稻,大田生产,2023/10/30
酒泉市华美种子有限责任公司,黄瓜,大田生产,2023/10/30
酒泉市华美种子有限责任公司,西葫芦,大田生产,2023/10/30
酒泉市华美种子有限责任公司,甜玉米,大田生产,2023/10/30
酒泉市华美种子有限责任公司,玉米,大田生产,2023/10/30
张掖市福瑞兴种苗有限责任公司,番茄,对外制种,2023/10/30
张掖市福瑞兴种苗有限责任公司,辣椒,对外制种,2023/10/30
酒泉市华美种子有限责任公司,番茄,大田生产,2023/10/30
酒泉市华美种子有限责任公司,南瓜,大田生产,2023/10/30
盈江县原种场种业有限公司,常规稻,大田生产,2023/10/30
盈江县原种场种业有限公司,常规稻,大田生产,2023/10/30
盈江县原种场种业有限公司,常规稻,大田生产,2023/10/30
盈江县原种场种业有限公司,稻,大田生产,2023/10/30
盈江县原种场种业有限公司,稻,大田生产,2023/10/30
盈江县原种场种业有限公司,稻,大田生产,2023/10/30
杭州宇之助生物科技有限公司,波状补血草,对外制种,2023/10/30
酒泉市华美种子有限责任公司,西葫芦,大田生产,2023/10/30
酒泉市华美种子有限责任公司,西葫芦,大田生产,2023/10/30
酒泉市华美种子有限责任公司,西葫芦,大田生产,2023/10/30
张掖市瑞真种业有限公司,花椰菜,对外制种,2023/10/30
张掖市瑞真种业有限公司,花椰菜,对外制种,2023/10/30
张掖市瑞真种业有限公司,芥蓝,对外制种,2023/10/30
张掖市瑞真种业有限公司,芥蓝,对外制种,2023/10/30
张掖市瑞真种业有限公司,小白菜,对外制种,2023/10/30
张掖市瑞真种业有限公司,小白菜,对外制种,2023/10/30
张掖市瑞真种业有限公司,小白菜,对外制种,2023/10/30
张掖市瑞真种业有限公司,小白菜,对外制种,2023/10/30
酒泉市华美种子有限责任公司,番茄,大田生产,2023/10/30
酒泉市华美种子有限责任公司,番茄,大田生产,2023/10/30
酒泉市华美种子有限责任公司,辣椒,大田生产,2023/10/30
酒泉市华美种子有限责任公司,辣椒,大田生产,2023/10/30
酒泉市华美种子有限责任公司,西葫芦,大田生产,2023/10/30
酒泉市华美种子有限责任公司,番茄,大田生产,2023/10/30
酒泉市华美种子有限责任公司,茄子,大田生产,2023/10/30
